customer_key,customer_id,legal_name,segment,region_id,risk_category,credit_score,credit_tier
1,CUST-00001,William Brown,RETAIL_CONSUMER,REG-NE,PRIME_B,706,Good (680-739)
2,CUST-00002,Apex Logistics LLC,COMMERCIAL_CORP,REG-WE,PRIME_A,792,Excellent (740+)
3,CUST-00003,Daniel Miller,RETAIL_CONSUMER,REG-MW,PRIME_B,704,Good (680-739)
4,CUST-00004,Olivia Jones,RETAIL_MORTGAGE,REG-WE,PRIME_A,768,Excellent (740+)
5,CUST-00005,Atlas Holdings LLC,COMMERCIAL_SME,REG-NE,PRIME_B,693,Good (680-739)
6,CUST-00006,Alexander Johnson,RETAIL_CONSUMER,REG-NE,PRIME_B,732,Good (680-739)
7,CUST-00007,Mia Brown,RETAIL_CONSUMER,REG-SO,PRIME_B,684,Good (680-739)
8,CUST-00008,Beacon Capital LLC,COMMERCIAL_CORP,REG-MW,PRIME_B,706,Good (680-739)
9,CUST-00009,Nexus Manufacturing LLC,COMMERCIAL_SME,REG-SO,PRIME_B,686,Good (680-739)
10,CUST-00010,Michael Davis,RETAIL_CONSUMER,REG-MW,SUBPRIME,608,Subprime (<620)
11,CUST-00011,Olivia Smith,RETAIL_CONSUMER,REG-MW,PRIME_B,692,Good (680-739)
12,CUST-00012,Vanguard Retail LLC,COMMERCIAL_SME,REG-SO,PRIME_B,731,Good (680-739)
13,CUST-00013,Michael Brown,RETAIL_CONSUMER,REG-SO,PRIME_B,687,Good (680-739)
14,CUST-00014,Sophia Williams,RETAIL_CONSUMER,REG-SO,SUBPRIME,615,Subprime (<620)
15,CUST-00015,Summit Technologies LLC,COMMERCIAL_CORP,REG-NE,PRIME_B,732,Good (680-739)
16,CUST-00016,Daniel Smith,RETAIL_MORTGAGE,REG-SO,NEAR_PRIME,629,Fair (620-679)
17,CUST-00017,Olivia Johnson,RETAIL_MORTGAGE,REG-SO,PRIME_B,680,Good (680-739)
18,CUST-00018,Daniel Johnson,RETAIL_CONSUMER,REG-MW,PRIME_B,723,Good (680-739)
19,CUST-00019,Michael Garcia,RETAIL_CONSUMER,REG-MW,PRIME_B,695,Good (680-739)
20,CUST-00020,Titan Logistics LLC,COMMERCIAL_CORP,REG-SO,NEAR_PRIME,664,Fair (620-679)
21,CUST-00021,Sophia Smith,RETAIL_MORTGAGE,REG-SO,PRIME_B,694,Good (680-739)
22,CUST-00022,Michael Davis,RETAIL_MORTGAGE,REG-MW,PRIME_A,767,Excellent (740+)
23,CUST-00023,Sophia Rodriguez,RETAIL_CONSUMER,REG-WE,PRIME_B,693,Good (680-739)
24,CUST-00024,Ava Rodriguez,RETAIL_CONSUMER,REG-SO,SUBPRIME,598,Subprime (<620)
25,CUST-00025,Sterling Manufacturing LLC,COMMERCIAL_CORP,REG-NE,PRIME_B,715,Good (680-739)
26,CUST-00026,Nexus Holdings LLC,COMMERCIAL_CORP,REG-NE,PRIME_B,717,Good (680-739)
27,CUST-00027,Mia Martinez,RETAIL_CONSUMER,REG-MW,SUBPRIME,586,Subprime (<620)
28,CUST-00028,Nexus Capital LLC,COMMERCIAL_CORP,REG-WE,PRIME_B,733,Good (680-739)
29,CUST-00029,Apex Capital LLC,COMMERCIAL_CORP,REG-NE,PRIME_B,708,Good (680-739)
30,CUST-00030,Alexander Williams,RETAIL_CONSUMER,REG-MW,SUBPRIME,583,Subprime (<620)
31,CUST-00031,Daniel Johnson,RETAIL_MORTGAGE,REG-WE,PRIME_A,840,Excellent (740+)
32,CUST-00032,Michael Miller,RETAIL_MORTGAGE,REG-MW,PRIME_A,761,Excellent (740+)
33,CUST-00033,Michael Miller,RETAIL_CONSUMER,REG-NE,PRIME_A,749,Excellent (740+)
34,CUST-00034,Summit Manufacturing LLC,COMMERCIAL_SME,REG-WE,PRIME_B,720,Good (680-739)
35,CUST-00035,Olivia Smith,RETAIL_CONSUMER,REG-NE,PRIME_A,754,Excellent (740+)
36,CUST-00036,Summit Holdings LLC,COMMERCIAL_CORP,REG-NE,PRIME_B,735,Good (680-739)
37,CUST-00037,Sterling Manufacturing LLC,COMMERCIAL_SME,REG-NE,PRIME_B,708,Good (680-739)
38,CUST-00038,William Brown,RETAIL_CONSUMER,REG-SO,PRIME_B,681,Good (680-739)
39,CUST-00039,Pinnacle Retail LLC,COMMERCIAL_SME,REG-MW,PRIME_B,689,Good (680-739)
40,CUST-00040,Emma Rodriguez,RETAIL_MORTGAGE,REG-NE,PRIME_A,781,Excellent (740+)
41,CUST-00041,Sophia Garcia,RETAIL_MORTGAGE,REG-NE,NEAR_PRIME,675,Fair (620-679)
42,CUST-00042,Daniel Jones,RETAIL_MORTGAGE,REG-NE,PRIME_A,752,Excellent (740+)
43,CUST-00043,Emma Johnson,RETAIL_MORTGAGE,REG-SO,PRIME_B,688,Good (680-739)
44,CUST-00044,Horizon Retail LLC,COMMERCIAL_SME,REG-SO,PRIME_B,693,Good (680-739)
45,CUST-00045,Pinnacle Logistics LLC,COMMERCIAL_CORP,REG-WE,PRIME_A,797,Excellent (740+)
46,CUST-00046,Daniel Smith,RETAIL_CONSUMER,REG-WE,PRIME_B,692,Good (680-739)
47,CUST-00047,Daniel Smith,RETAIL_CONSUMER,REG-MW,PRIME_B,730,Good (680-739)
48,CUST-00048,Nexus Manufacturing LLC,COMMERCIAL_SME,REG-NE,NEAR_PRIME,668,Fair (620-679)
49,CUST-00049,Sterling Technologies LLC,COMMERCIAL_SME,REG-WE,PRIME_A,749,Excellent (740+)
50,CUST-00050,Apex Technologies LLC,COMMERCIAL_SME,REG-WE,PRIME_B,705,Good (680-739)
51,CUST-00051,William Williams,RETAIL_MORTGAGE,REG-MW,PRIME_B,696,Good (680-739)
52,CUST-00052,Nexus Properties LLC,COMMERCIAL_SME,REG-WE,PRIME_B,699,Good (680-739)
53,CUST-00053,Atlas Enterprises LLC,COMMERCIAL_SME,REG-MW,PRIME_B,716,Good (680-739)
54,CUST-00054,James Johnson,RETAIL_CONSUMER,REG-SO,PRIME_B,712,Good (680-739)
55,CUST-00055,James Johnson,RETAIL_CONSUMER,REG-SO,NEAR_PRIME,644,Fair (620-679)
56,CUST-00056,Alexander Martinez,RETAIL_MORTGAGE,REG-NE,NEAR_PRIME,658,Fair (620-679)
57,CUST-00057,Olivia Miller,RETAIL_CONSUMER,REG-MW,PRIME_A,770,Excellent (740+)
58,CUST-00058,Daniel Jones,RETAIL_MORTGAGE,REG-SO,PRIME_B,727,Good (680-739)
59,CUST-00059,Sophia Miller,RETAIL_CONSUMER,REG-MW,NEAR_PRIME,660,Fair (620-679)
60,CUST-00060,Daniel Smith,RETAIL_CONSUMER,REG-WE,NEAR_PRIME,639,Fair (620-679)
61,CUST-00061,Ava Davis,RETAIL_MORTGAGE,REG-SO,NEAR_PRIME,651,Fair (620-679)
62,CUST-00062,Emma Jones,RETAIL_MORTGAGE,REG-MW,PRIME_B,704,Good (680-739)
63,CUST-00063,Pinnacle Manufacturing LLC,COMMERCIAL_SME,REG-MW,PRIME_B,728,Good (680-739)
64,CUST-00064,Ava Miller,RETAIL_CONSUMER,REG-NE,NEAR_PRIME,658,Fair (620-679)
65,CUST-00065,Ava Miller,RETAIL_CONSUMER,REG-WE,PRIME_B,693,Good (680-739)
66,CUST-00066,Alexander Brown,RETAIL_MORTGAGE,REG-NE,PRIME_A,777,Excellent (740+)
67,CUST-00067,Daniel Brown,RETAIL_CONSUMER,REG-NE,PRIME_B,716,Good (680-739)
68,CUST-00068,Ava Martinez,RETAIL_CONSUMER,REG-SO,NEAR_PRIME,674,Fair (620-679)
69,CUST-00069,Michael Davis,RETAIL_CONSUMER,REG-WE,SUBPRIME,594,Subprime (<620)
70,CUST-00070,Sophia Jones,RETAIL_MORTGAGE,REG-WE,PRIME_B,720,Good (680-739)
71,CUST-00071,Nexus Holdings LLC,COMMERCIAL_SME,REG-SO,PRIME_A,741,Excellent (740+)
72,CUST-00072,Nexus Retail LLC,COMMERCIAL_CORP,REG-WE,PRIME_A,744,Excellent (740+)
73,CUST-00073,Mia Miller,RETAIL_CONSUMER,REG-NE,SUBPRIME,547,Subprime (<620)
74,CUST-00074,Daniel Rodriguez,RETAIL_MORTGAGE,REG-WE,PRIME_B,710,Good (680-739)
75,CUST-00075,Alexander Davis,RETAIL_CONSUMER,REG-SO,PRIME_A,743,Excellent (740+)
76,CUST-00076,Summit Logistics LLC,COMMERCIAL_SME,REG-WE,PRIME_B,727,Good (680-739)
77,CUST-00077,Alexander Williams,RETAIL_CONSUMER,REG-NE,PRIME_B,715,Good (680-739)
78,CUST-00078,Alexander Jones,RETAIL_CONSUMER,REG-SO,NEAR_PRIME,661,Fair (620-679)
79,CUST-00079,Titan Logistics LLC,COMMERCIAL_SME,REG-NE,PRIME_B,719,Good (680-739)
80,CUST-00080,Apex Manufacturing LLC,COMMERCIAL_CORP,REG-NE,PRIME_B,705,Good (680-739)
81,CUST-00081,Titan Holdings LLC,COMMERCIAL_SME,REG-MW,PRIME_B,690,Good (680-739)
82,CUST-00082,Summit Properties LLC,COMMERCIAL_SME,REG-NE,PRIME_B,707,Good (680-739)
83,CUST-00083,Atlas Manufacturing LLC,COMMERCIAL_SME,REG-WE,PRIME_A,781,Excellent (740+)
84,CUST-00084,Mia Smith,RETAIL_MORTGAGE,REG-NE,PRIME_B,732,Good (680-739)
85,CUST-00085,Apex Capital LLC,COMMERCIAL_SME,REG-SO,PRIME_B,729,Good (680-739)
86,CUST-00086,Alexander Williams,RETAIL_MORTGAGE,REG-MW,NEAR_PRIME,664,Fair (620-679)
87,CUST-00087,Titan Capital LLC,COMMERCIAL_SME,REG-WE,PRIME_A,747,Excellent (740+)
88,CUST-00088,Ava Brown,RETAIL_MORTGAGE,REG-SO,SUBPRIME,618,Subprime (<620)
89,CUST-00089,James Davis,RETAIL_CONSUMER,REG-SO,PRIME_B,712,Good (680-739)
90,CUST-00090,Horizon Logistics LLC,COMMERCIAL_SME,REG-SO,PRIME_B,697,Good (680-739)
91,CUST-00091,Titan Manufacturing LLC,COMMERCIAL_SME,REG-WE,PRIME_B,696,Good (680-739)
92,CUST-00092,Atlas Manufacturing LLC,COMMERCIAL_CORP,REG-MW,NEAR_PRIME,659,Fair (620-679)
93,CUST-00093,Alexander Rodriguez,RETAIL_CONSUMER,REG-SO,NEAR_PRIME,644,Fair (620-679)
94,CUST-00094,Nexus Holdings LLC,COMMERCIAL_CORP,REG-MW,PRIME_A,781,Excellent (740+)
95,CUST-00095,Sophia Davis,RETAIL_CONSUMER,REG-MW,NEAR_PRIME,676,Fair (620-679)
96,CUST-00096,William Brown,RETAIL_MORTGAGE,REG-MW,PRIME_A,768,Excellent (740+)
97,CUST-00097,William Smith,RETAIL_CONSUMER,REG-MW,PRIME_A,765,Excellent (740+)
98,CUST-00098,Emma Smith,RETAIL_MORTGAGE,REG-WE,NEAR_PRIME,677,Fair (620-679)
99,CUST-00099,James Jones,RETAIL_CONSUMER,REG-MW,PRIME_A,753,Excellent (740+)
100,CUST-00100,Summit Technologies LLC,COMMERCIAL_CORP,REG-NE,PRIME_B,701,Good (680-739)
101,CUST-00101,Beacon Capital LLC,COMMERCIAL_CORP,REG-MW,NEAR_PRIME,657,Fair (620-679)
102,CUST-00102,William Martinez,RETAIL_CONSUMER,REG-WE,NEAR_PRIME,624,Fair (620-679)
103,CUST-00103,Sophia Brown,RETAIL_CONSUMER,REG-NE,PRIME_B,687,Good (680-739)
104,CUST-00104,Titan Retail LLC,COMMERCIAL_SME,REG-WE,PRIME_B,738,Good (680-739)
105,CUST-00105,Emma Brown,RETAIL_CONSUMER,REG-WE,PRIME_A,783,Excellent (740+)
106,CUST-00106,Emma Rodriguez,RETAIL_MORTGAGE,REG-WE,NEAR_PRIME,641,Fair (620-679)
107,CUST-00107,Beacon Logistics LLC,COMMERCIAL_SME,REG-MW,PRIME_B,739,Good (680-739)
108,CUST-00108,Titan Properties LLC,COMMERCIAL_SME,REG-NE,PRIME_A,753,Excellent (740+)
109,CUST-00109,Ava Johnson,RETAIL_CONSUMER,REG-WE,SUBPRIME,587,Subprime (<620)
110,CUST-00110,Sterling Logistics LLC,COMMERCIAL_CORP,REG-MW,NEAR_PRIME,665,Fair (620-679)
111,CUST-00111,Summit Retail LLC,COMMERCIAL_SME,REG-NE,NEAR_PRIME,671,Fair (620-679)
112,CUST-00112,Emma Davis,RETAIL_CONSUMER,REG-WE,PRIME_B,682,Good (680-739)
113,CUST-00113,Olivia Miller,RETAIL_CONSUMER,REG-MW,NEAR_PRIME,672,Fair (620-679)
114,CUST-00114,Emma Garcia,RETAIL_CONSUMER,REG-WE,NEAR_PRIME,643,Fair (620-679)
115,CUST-00115,Daniel Davis,RETAIL_MORTGAGE,REG-NE,NEAR_PRIME,656,Fair (620-679)
116,CUST-00116,Sophia Jones,RETAIL_CONSUMER,REG-NE,PRIME_B,710,Good (680-739)
117,CUST-00117,Emma Smith,RETAIL_CONSUMER,REG-WE,PRIME_A,771,Excellent (740+)
118,CUST-00118,Emma Brown,RETAIL_CONSUMER,REG-WE,NEAR_PRIME,676,Fair (620-679)
119,CUST-00119,Michael Davis,RETAIL_CONSUMER,REG-NE,PRIME_B,735,Good (680-739)
120,CUST-00120,Sophia Davis,RETAIL_CONSUMER,REG-WE,NEAR_PRIME,669,Fair (620-679)
121,CUST-00121,Emma Jones,RETAIL_MORTGAGE,REG-MW,PRIME_B,706,Good (680-739)
122,CUST-00122,Pinnacle Properties LLC,COMMERCIAL_SME,REG-NE,NEAR_PRIME,632,Fair (620-679)
123,CUST-00123,Ava Rodriguez,RETAIL_CONSUMER,REG-MW,NEAR_PRIME,636,Fair (620-679)
124,CUST-00124,Sophia Martinez,RETAIL_MORTGAGE,REG-MW,PRIME_B,695,Good (680-739)
125,CUST-00125,Ava Miller,RETAIL_CONSUMER,REG-SO,NEAR_PRIME,623,Fair (620-679)
126,CUST-00126,Michael Rodriguez,RETAIL_CONSUMER,REG-NE,PRIME_A,748,Excellent (740+)
127,CUST-00127,Beacon Retail LLC,COMMERCIAL_CORP,REG-WE,PRIME_A,744,Excellent (740+)
128,CUST-00128,Nexus Capital LLC,COMMERCIAL_CORP,REG-SO,PRIME_B,722,Good (680-739)
129,CUST-00129,Olivia Davis,RETAIL_MORTGAGE,REG-WE,PRIME_B,701,Good (680-739)
130,CUST-00130,Emma Miller,RETAIL_MORTGAGE,REG-MW,NEAR_PRIME,678,Fair (620-679)
131,CUST-00131,Ava Williams,RETAIL_CONSUMER,REG-NE,NEAR_PRIME,645,Fair (620-679)
132,CUST-00132,Atlas Technologies LLC,COMMERCIAL_SME,REG-SO,NEAR_PRIME,628,Fair (620-679)
133,CUST-00133,Michael Williams,RETAIL_CONSUMER,REG-MW,PRIME_A,796,Excellent (740+)
134,CUST-00134,Sophia Davis,RETAIL_MORTGAGE,REG-MW,PRIME_A,747,Excellent (740+)
135,CUST-00135,William Rodriguez,RETAIL_CONSUMER,REG-WE,PRIME_B,725,Good (680-739)
136,CUST-00136,William Davis,RETAIL_CONSUMER,REG-WE,PRIME_A,744,Excellent (740+)
137,CUST-00137,Beacon Manufacturing LLC,COMMERCIAL_SME,REG-WE,PRIME_B,688,Good (680-739)
138,CUST-00138,Pinnacle Logistics LLC,COMMERCIAL_CORP,REG-WE,PRIME_A,748,Excellent (740+)
139,CUST-00139,Mia Davis,RETAIL_CONSUMER,REG-NE,PRIME_A,754,Excellent (740+)
140,CUST-00140,Sophia Martinez,RETAIL_MORTGAGE,REG-MW,SUBPRIME,577,Subprime (<620)
141,CUST-00141,Emma Smith,RETAIL_MORTGAGE,REG-MW,NEAR_PRIME,666,Fair (620-679)
142,CUST-00142,Nexus Capital LLC,COMMERCIAL_CORP,REG-SO,PRIME_A,765,Excellent (740+)
143,CUST-00143,Daniel Rodriguez,RETAIL_CONSUMER,REG-SO,PRIME_A,786,Excellent (740+)
144,CUST-00144,Olivia Johnson,RETAIL_CONSUMER,REG-SO,NEAR_PRIME,631,Fair (620-679)
145,CUST-00145,Alexander Rodriguez,RETAIL_MORTGAGE,REG-MW,SUBPRIME,619,Subprime (<620)
146,CUST-00146,Mia Miller,RETAIL_CONSUMER,REG-SO,PRIME_A,769,Excellent (740+)
147,CUST-00147,Titan Logistics LLC,COMMERCIAL_CORP,REG-MW,NEAR_PRIME,641,Fair (620-679)
148,CUST-00148,William Miller,RETAIL_CONSUMER,REG-WE,SUBPRIME,591,Subprime (<620)
149,CUST-00149,Beacon Holdings LLC,COMMERCIAL_CORP,REG-WE,PRIME_B,725,Good (680-739)
150,CUST-00150,Mia Williams,RETAIL_MORTGAGE,REG-WE,PRIME_A,764,Excellent (740+)
151,CUST-00151,William Smith,RETAIL_MORTGAGE,REG-WE,NEAR_PRIME,674,Fair (620-679)
152,CUST-00152,Horizon Enterprises LLC,COMMERCIAL_SME,REG-SO,PRIME_B,690,Good (680-739)
153,CUST-00153,Emma Brown,RETAIL_MORTGAGE,REG-WE,NEAR_PRIME,639,Fair (620-679)
154,CUST-00154,Sterling Manufacturing LLC,COMMERCIAL_SME,REG-MW,NEAR_PRIME,672,Fair (620-679)
155,CUST-00155,Vanguard Enterprises LLC,COMMERCIAL_SME,REG-MW,PRIME_B,732,Good (680-739)
156,CUST-00156,Daniel Jones,RETAIL_MORTGAGE,REG-MW,SUBPRIME,585,Subprime (<620)
157,CUST-00157,James Garcia,RETAIL_MORTGAGE,REG-MW,PRIME_B,700,Good (680-739)
158,CUST-00158,Horizon Holdings LLC,COMMERCIAL_CORP,REG-WE,PRIME_B,687,Good (680-739)
159,CUST-00159,Ava Rodriguez,RETAIL_MORTGAGE,REG-NE,PRIME_B,704,Good (680-739)
160,CUST-00160,Ava Smith,RETAIL_CONSUMER,REG-SO,PRIME_A,771,Excellent (740+)
161,CUST-00161,Ava Davis,RETAIL_CONSUMER,REG-NE,PRIME_B,712,Good (680-739)
162,CUST-00162,Atlas Properties LLC,COMMERCIAL_SME,REG-SO,PRIME_B,728,Good (680-739)
163,CUST-00163,Horizon Manufacturing LLC,COMMERCIAL_CORP,REG-NE,NEAR_PRIME,634,Fair (620-679)
164,CUST-00164,Nexus Capital LLC,COMMERCIAL_SME,REG-NE,PRIME_A,760,Excellent (740+)
165,CUST-00165,Emma Johnson,RETAIL_MORTGAGE,REG-WE,PRIME_B,703,Good (680-739)
166,CUST-00166,Mia Rodriguez,RETAIL_MORTGAGE,REG-NE,NEAR_PRIME,666,Fair (620-679)
167,CUST-00167,James Jones,RETAIL_CONSUMER,REG-WE,NEAR_PRIME,644,Fair (620-679)
168,CUST-00168,Emma Garcia,RETAIL_CONSUMER,REG-MW,NEAR_PRIME,657,Fair (620-679)
169,CUST-00169,Alexander Rodriguez,RETAIL_MORTGAGE,REG-MW,PRIME_A,799,Excellent (740+)
170,CUST-00170,Apex Technologies LLC,COMMERCIAL_CORP,REG-SO,PRIME_B,706,Good (680-739)
171,CUST-00171,James Williams,RETAIL_MORTGAGE,REG-SO,PRIME_A,743,Excellent (740+)
172,CUST-00172,Emma Rodriguez,RETAIL_CONSUMER,REG-NE,NEAR_PRIME,633,Fair (620-679)
173,CUST-00173,Pinnacle Enterprises LLC,COMMERCIAL_SME,REG-SO,PRIME_B,729,Good (680-739)
174,CUST-00174,Beacon Properties LLC,COMMERCIAL_SME,REG-NE,NEAR_PRIME,662,Fair (620-679)
175,CUST-00175,William Brown,RETAIL_CONSUMER,REG-WE,PRIME_B,690,Good (680-739)
176,CUST-00176,Daniel Jones,RETAIL_CONSUMER,REG-WE,NEAR_PRIME,660,Fair (620-679)
177,CUST-00177,Sophia Jones,RETAIL_CONSUMER,REG-NE,PRIME_A,786,Excellent (740+)
178,CUST-00178,Atlas Technologies LLC,COMMERCIAL_CORP,REG-WE,PRIME_B,694,Good (680-739)
179,CUST-00179,Beacon Capital LLC,COMMERCIAL_SME,REG-SO,PRIME_B,728,Good (680-739)
180,CUST-00180,Mia Miller,RETAIL_MORTGAGE,REG-WE,NEAR_PRIME,676,Fair (620-679)
181,CUST-00181,Nexus Technologies LLC,COMMERCIAL_CORP,REG-NE,PRIME_B,739,Good (680-739)
182,CUST-00182,Vanguard Capital LLC,COMMERCIAL_CORP,REG-NE,NEAR_PRIME,660,Fair (620-679)
183,CUST-00183,Nexus Manufacturing LLC,COMMERCIAL_SME,REG-SO,PRIME_B,706,Good (680-739)
184,CUST-00184,Olivia Williams,RETAIL_CONSUMER,REG-SO,PRIME_B,721,Good (680-739)
185,CUST-00185,Beacon Technologies LLC,COMMERCIAL_SME,REG-MW,PRIME_A,780,Excellent (740+)
186,CUST-00186,Olivia Williams,RETAIL_CONSUMER,REG-SO,NEAR_PRIME,664,Fair (620-679)
187,CUST-00187,Mia Smith,RETAIL_CONSUMER,REG-SO,NEAR_PRIME,675,Fair (620-679)
188,CUST-00188,Beacon Holdings LLC,COMMERCIAL_SME,REG-SO,PRIME_B,734,Good (680-739)
189,CUST-00189,Ava Martinez,RETAIL_CONSUMER,REG-NE,NEAR_PRIME,659,Fair (620-679)
190,CUST-00190,Nexus Holdings LLC,COMMERCIAL_CORP,REG-NE,PRIME_B,687,Good (680-739)
191,CUST-00191,Titan Technologies LLC,COMMERCIAL_SME,REG-WE,NEAR_PRIME,653,Fair (620-679)
192,CUST-00192,Olivia Johnson,RETAIL_CONSUMER,REG-NE,PRIME_A,791,Excellent (740+)
193,CUST-00193,Sterling Technologies LLC,COMMERCIAL_SME,REG-SO,PRIME_B,690,Good (680-739)
194,CUST-00194,Michael Martinez,RETAIL_MORTGAGE,REG-WE,PRIME_A,758,Excellent (740+)
195,CUST-00195,Michael Rodriguez,RETAIL_CONSUMER,REG-SO,PRIME_A,764,Excellent (740+)
196,CUST-00196,Nexus Retail LLC,COMMERCIAL_SME,REG-MW,PRIME_A,757,Excellent (740+)
197,CUST-00197,Beacon Logistics LLC,COMMERCIAL_SME,REG-SO,NEAR_PRIME,671,Fair (620-679)
198,CUST-00198,Sterling Technologies LLC,COMMERCIAL_SME,REG-MW,NEAR_PRIME,641,Fair (620-679)
199,CUST-00199,Titan Properties LLC,COMMERCIAL_SME,REG-MW,PRIME_B,721,Good (680-739)
200,CUST-00200,Sophia Garcia,RETAIL_MORTGAGE,REG-WE,SUBPRIME,585,Subprime (<620)
201,CUST-00201,Alexander Rodriguez,RETAIL_CONSUMER,REG-SO,SUBPRIME,536,Subprime (<620)
202,CUST-00202,Apex Retail LLC,COMMERCIAL_CORP,REG-SO,PRIME_B,699,Good (680-739)
203,CUST-00203,Pinnacle Holdings LLC,COMMERCIAL_CORP,REG-NE,PRIME_B,722,Good (680-739)
204,CUST-00204,Ava Garcia,RETAIL_CONSUMER,REG-MW,NEAR_PRIME,642,Fair (620-679)
205,CUST-00205,Vanguard Capital LLC,COMMERCIAL_SME,REG-SO,PRIME_A,763,Excellent (740+)
206,CUST-00206,Michael Williams,RETAIL_MORTGAGE,REG-SO,PRIME_B,687,Good (680-739)
207,CUST-00207,Ava Davis,RETAIL_CONSUMER,REG-MW,SUBPRIME,592,Subprime (<620)
208,CUST-00208,Beacon Properties LLC,COMMERCIAL_CORP,REG-WE,NEAR_PRIME,655,Fair (620-679)
209,CUST-00209,Beacon Holdings LLC,COMMERCIAL_SME,REG-WE,PRIME_A,747,Excellent (740+)
210,CUST-00210,William Miller,RETAIL_CONSUMER,REG-MW,NEAR_PRIME,629,Fair (620-679)
211,CUST-00211,Emma Rodriguez,RETAIL_CONSUMER,REG-MW,PRIME_B,712,Good (680-739)
212,CUST-00212,Alexander Davis,RETAIL_MORTGAGE,REG-NE,PRIME_B,686,Good (680-739)
213,CUST-00213,Nexus Holdings LLC,COMMERCIAL_SME,REG-NE,NEAR_PRIME,678,Fair (620-679)
214,CUST-00214,Michael Smith,RETAIL_CONSUMER,REG-SO,PRIME_A,770,Excellent (740+)
215,CUST-00215,Ava Williams,RETAIL_CONSUMER,REG-WE,PRIME_B,698,Good (680-739)
216,CUST-00216,Vanguard Logistics LLC,COMMERCIAL_SME,REG-NE,PRIME_B,704,Good (680-739)
217,CUST-00217,Pinnacle Logistics LLC,COMMERCIAL_SME,REG-WE,PRIME_B,720,Good (680-739)
218,CUST-00218,William Johnson,RETAIL_MORTGAGE,REG-SO,NEAR_PRIME,650,Fair (620-679)
219,CUST-00219,Alexander Garcia,RETAIL_CONSUMER,REG-WE,PRIME_A,759,Excellent (740+)
220,CUST-00220,Alexander Johnson,RETAIL_CONSUMER,REG-NE,NEAR_PRIME,678,Fair (620-679)
221,CUST-00221,Nexus Holdings LLC,COMMERCIAL_SME,REG-SO,PRIME_A,777,Excellent (740+)
222,CUST-00222,Olivia Davis,RETAIL_CONSUMER,REG-WE,PRIME_B,732,Good (680-739)
223,CUST-00223,Pinnacle Logistics LLC,COMMERCIAL_SME,REG-WE,PRIME_A,777,Excellent (740+)
224,CUST-00224,Michael Martinez,RETAIL_CONSUMER,REG-NE,PRIME_B,728,Good (680-739)
225,CUST-00225,Nexus Enterprises LLC,COMMERCIAL_CORP,REG-MW,NEAR_PRIME,676,Fair (620-679)
226,CUST-00226,Ava Johnson,RETAIL_MORTGAGE,REG-SO,PRIME_A,742,Excellent (740+)
227,CUST-00227,Vanguard Holdings LLC,COMMERCIAL_SME,REG-SO,PRIME_A,748,Excellent (740+)
228,CUST-00228,Titan Manufacturing LLC,COMMERCIAL_CORP,REG-SO,PRIME_B,724,Good (680-739)
229,CUST-00229,Sophia Johnson,RETAIL_MORTGAGE,REG-WE,PRIME_B,705,Good (680-739)
230,CUST-00230,Olivia Johnson,RETAIL_MORTGAGE,REG-SO,PRIME_B,707,Good (680-739)
231,CUST-00231,Summit Enterprises LLC,COMMERCIAL_SME,REG-MW,PRIME_B,697,Good (680-739)
232,CUST-00232,Olivia Rodriguez,RETAIL_MORTGAGE,REG-NE,PRIME_B,688,Good (680-739)
233,CUST-00233,Mia Johnson,RETAIL_MORTGAGE,REG-MW,PRIME_A,745,Excellent (740+)
234,CUST-00234,Mia Johnson,RETAIL_CONSUMER,REG-WE,PRIME_B,714,Good (680-739)
235,CUST-00235,Horizon Enterprises LLC,COMMERCIAL_CORP,REG-WE,PRIME_A,778,Excellent (740+)
236,CUST-00236,Alexander Rodriguez,RETAIL_MORTGAGE,REG-MW,PRIME_A,771,Excellent (740+)
237,CUST-00237,Pinnacle Technologies LLC,COMMERCIAL_CORP,REG-MW,PRIME_A,775,Excellent (740+)
238,CUST-00238,Emma Jones,RETAIL_CONSUMER,REG-SO,PRIME_A,809,Excellent (740+)
239,CUST-00239,Sterling Holdings LLC,COMMERCIAL_SME,REG-SO,PRIME_B,692,Good (680-739)
240,CUST-00240,Mia Smith,RETAIL_CONSUMER,REG-SO,PRIME_B,689,Good (680-739)
241,CUST-00241,Vanguard Capital LLC,COMMERCIAL_CORP,REG-SO,PRIME_B,711,Good (680-739)
242,CUST-00242,Ava Brown,RETAIL_CONSUMER,REG-SO,NEAR_PRIME,679,Fair (620-679)
243,CUST-00243,Apex Technologies LLC,COMMERCIAL_SME,REG-NE,NEAR_PRIME,671,Fair (620-679)
244,CUST-00244,Nexus Capital LLC,COMMERCIAL_SME,REG-SO,PRIME_B,739,Good (680-739)
245,CUST-00245,Sophia Davis,RETAIL_CONSUMER,REG-SO,PRIME_B,737,Good (680-739)
246,CUST-00246,Sophia Williams,RETAIL_MORTGAGE,REG-WE,PRIME_B,735,Good (680-739)
247,CUST-00247,Michael Davis,RETAIL_CONSUMER,REG-MW,PRIME_A,757,Excellent (740+)
248,CUST-00248,Horizon Retail LLC,COMMERCIAL_CORP,REG-WE,PRIME_B,718,Good (680-739)
249,CUST-00249,Pinnacle Retail LLC,COMMERCIAL_SME,REG-NE,NEAR_PRIME,649,Fair (620-679)
250,CUST-00250,Atlas Technologies LLC,COMMERCIAL_CORP,REG-NE,NEAR_PRIME,670,Fair (620-679)
251,CUST-00251,James Miller,RETAIL_MORTGAGE,REG-SO,PRIME_A,763,Excellent (740+)
252,CUST-00252,Horizon Properties LLC,COMMERCIAL_SME,REG-WE,PRIME_B,738,Good (680-739)
253,CUST-00253,Emma Miller,RETAIL_CONSUMER,REG-MW,SUBPRIME,566,Subprime (<620)
254,CUST-00254,Horizon Logistics LLC,COMMERCIAL_CORP,REG-WE,PRIME_A,814,Excellent (740+)
255,CUST-00255,Horizon Retail LLC,COMMERCIAL_SME,REG-WE,PRIME_A,776,Excellent (740+)
256,CUST-00256,Sterling Properties LLC,COMMERCIAL_SME,REG-WE,PRIME_A,796,Excellent (740+)
257,CUST-00257,Mia Jones,RETAIL_CONSUMER,REG-WE,NEAR_PRIME,679,Fair (620-679)
258,CUST-00258,James Martinez,RETAIL_CONSUMER,REG-SO,PRIME_B,691,Good (680-739)
259,CUST-00259,James Martinez,RETAIL_MORTGAGE,REG-MW,SUBPRIME,617,Subprime (<620)
260,CUST-00260,Apex Holdings LLC,COMMERCIAL_SME,REG-MW,PRIME_B,726,Good (680-739)
261,CUST-00261,Sophia Miller,RETAIL_CONSUMER,REG-WE,SUBPRIME,607,Subprime (<620)
262,CUST-00262,Daniel Brown,RETAIL_CONSUMER,REG-MW,PRIME_B,689,Good (680-739)
263,CUST-00263,Olivia Williams,RETAIL_CONSUMER,REG-WE,SUBPRIME,618,Subprime (<620)
264,CUST-00264,Mia Davis,RETAIL_MORTGAGE,REG-SO,PRIME_B,708,Good (680-739)
265,CUST-00265,William Jones,RETAIL_CONSUMER,REG-MW,NEAR_PRIME,664,Fair (620-679)
266,CUST-00266,William Johnson,RETAIL_CONSUMER,REG-SO,SUBPRIME,601,Subprime (<620)
267,CUST-00267,Olivia Williams,RETAIL_MORTGAGE,REG-WE,NEAR_PRIME,677,Fair (620-679)
268,CUST-00268,Ava Brown,RETAIL_CONSUMER,REG-SO,PRIME_B,737,Good (680-739)
269,CUST-00269,Michael Johnson,RETAIL_MORTGAGE,REG-SO,NEAR_PRIME,630,Fair (620-679)
270,CUST-00270,James Johnson,RETAIL_CONSUMER,REG-MW,NEAR_PRIME,636,Fair (620-679)
271,CUST-00271,Apex Technologies LLC,COMMERCIAL_CORP,REG-MW,NEAR_PRIME,632,Fair (620-679)
272,CUST-00272,Nexus Properties LLC,COMMERCIAL_SME,REG-SO,PRIME_A,778,Excellent (740+)
273,CUST-00273,Horizon Logistics LLC,COMMERCIAL_CORP,REG-MW,PRIME_A,743,Excellent (740+)
274,CUST-00274,Ava Williams,RETAIL_MORTGAGE,REG-WE,NEAR_PRIME,670,Fair (620-679)
275,CUST-00275,James Jones,RETAIL_MORTGAGE,REG-NE,NEAR_PRIME,663,Fair (620-679)
276,CUST-00276,Michael Rodriguez,RETAIL_MORTGAGE,REG-WE,NEAR_PRIME,678,Fair (620-679)
277,CUST-00277,Titan Properties LLC,COMMERCIAL_CORP,REG-MW,PRIME_B,718,Good (680-739)
278,CUST-00278,Michael Martinez,RETAIL_CONSUMER,REG-MW,PRIME_B,680,Good (680-739)
279,CUST-00279,Emma Miller,RETAIL_MORTGAGE,REG-SO,NEAR_PRIME,671,Fair (620-679)
280,CUST-00280,Atlas Manufacturing LLC,COMMERCIAL_SME,REG-SO,PRIME_B,694,Good (680-739)
281,CUST-00281,Pinnacle Enterprises LLC,COMMERCIAL_SME,REG-NE,PRIME_B,714,Good (680-739)
282,CUST-00282,Emma Jones,RETAIL_CONSUMER,REG-SO,NEAR_PRIME,669,Fair (620-679)
283,CUST-00283,Michael Davis,RETAIL_MORTGAGE,REG-WE,PRIME_B,688,Good (680-739)
284,CUST-00284,Sophia Martinez,RETAIL_CONSUMER,REG-MW,SUBPRIME,608,Subprime (<620)
285,CUST-00285,Emma Martinez,RETAIL_CONSUMER,REG-SO,PRIME_A,775,Excellent (740+)
286,CUST-00286,Olivia Rodriguez,RETAIL_CONSUMER,REG-MW,PRIME_A,763,Excellent (740+)
287,CUST-00287,Emma Rodriguez,RETAIL_CONSUMER,REG-WE,NEAR_PRIME,670,Fair (620-679)
288,CUST-00288,William Smith,RETAIL_CONSUMER,REG-WE,PRIME_B,696,Good (680-739)
289,CUST-00289,James Miller,RETAIL_CONSUMER,REG-NE,NEAR_PRIME,677,Fair (620-679)
290,CUST-00290,Apex Properties LLC,COMMERCIAL_CORP,REG-WE,PRIME_B,733,Good (680-739)
291,CUST-00291,Olivia Miller,RETAIL_MORTGAGE,REG-WE,SUBPRIME,563,Subprime (<620)
292,CUST-00292,Olivia Johnson,RETAIL_MORTGAGE,REG-MW,PRIME_B,732,Good (680-739)
293,CUST-00293,James Smith,RETAIL_CONSUMER,REG-MW,PRIME_A,756,Excellent (740+)
294,CUST-00294,Vanguard Retail LLC,COMMERCIAL_SME,REG-MW,PRIME_B,713,Good (680-739)
295,CUST-00295,James Miller,RETAIL_MORTGAGE,REG-NE,SUBPRIME,584,Subprime (<620)
296,CUST-00296,Titan Logistics LLC,COMMERCIAL_CORP,REG-NE,NEAR_PRIME,650,Fair (620-679)
297,CUST-00297,James Williams,RETAIL_CONSUMER,REG-MW,NEAR_PRIME,640,Fair (620-679)
298,CUST-00298,Vanguard Properties LLC,COMMERCIAL_SME,REG-SO,PRIME_B,719,Good (680-739)
299,CUST-00299,William Jones,RETAIL_CONSUMER,REG-WE,PRIME_A,825,Excellent (740+)
300,CUST-00300,Daniel Davis,RETAIL_CONSUMER,REG-WE,PRIME_A,744,Excellent (740+)
301,CUST-00301,Daniel Garcia,RETAIL_CONSUMER,REG-WE,NEAR_PRIME,669,Fair (620-679)
302,CUST-00302,Sophia Jones,RETAIL_CONSUMER,REG-MW,NEAR_PRIME,632,Fair (620-679)
303,CUST-00303,Daniel Miller,RETAIL_CONSUMER,REG-NE,PRIME_A,765,Excellent (740+)
304,CUST-00304,Titan Enterprises LLC,COMMERCIAL_SME,REG-NE,PRIME_B,708,Good (680-739)
305,CUST-00305,Atlas Logistics LLC,COMMERCIAL_SME,REG-SO,PRIME_A,740,Excellent (740+)
306,CUST-00306,Sophia Garcia,RETAIL_CONSUMER,REG-WE,NEAR_PRIME,662,Fair (620-679)
307,CUST-00307,Beacon Retail LLC,COMMERCIAL_SME,REG-MW,PRIME_A,779,Excellent (740+)
308,CUST-00308,Pinnacle Capital LLC,COMMERCIAL_SME,REG-SO,PRIME_B,684,Good (680-739)
309,CUST-00309,Horizon Retail LLC,COMMERCIAL_SME,REG-SO,NEAR_PRIME,640,Fair (620-679)
310,CUST-00310,Nexus Enterprises LLC,COMMERCIAL_SME,REG-MW,PRIME_B,737,Good (680-739)
311,CUST-00311,Apex Properties LLC,COMMERCIAL_SME,REG-MW,NEAR_PRIME,663,Fair (620-679)
312,CUST-00312,Atlas Manufacturing LLC,COMMERCIAL_SME,REG-MW,PRIME_B,700,Good (680-739)
313,CUST-00313,Ava Davis,RETAIL_CONSUMER,REG-SO,SUBPRIME,595,Subprime (<620)
314,CUST-00314,Daniel Smith,RETAIL_CONSUMER,REG-MW,PRIME_B,713,Good (680-739)
315,CUST-00315,Apex Capital LLC,COMMERCIAL_CORP,REG-NE,PRIME_A,761,Excellent (740+)
316,CUST-00316,Nexus Logistics LLC,COMMERCIAL_SME,REG-WE,PRIME_A,768,Excellent (740+)
317,CUST-00317,Ava Smith,RETAIL_CONSUMER,REG-WE,PRIME_A,765,Excellent (740+)
318,CUST-00318,Apex Capital LLC,COMMERCIAL_SME,REG-SO,PRIME_B,722,Good (680-739)
319,CUST-00319,Horizon Technologies LLC,COMMERCIAL_CORP,REG-NE,PRIME_B,723,Good (680-739)
320,CUST-00320,Olivia Miller,RETAIL_MORTGAGE,REG-NE,PRIME_A,773,Excellent (740+)
321,CUST-00321,Emma Smith,RETAIL_CONSUMER,REG-SO,PRIME_B,738,Good (680-739)
322,CUST-00322,Beacon Retail LLC,COMMERCIAL_CORP,REG-MW,PRIME_A,744,Excellent (740+)
323,CUST-00323,Horizon Logistics LLC,COMMERCIAL_SME,REG-NE,PRIME_B,732,Good (680-739)
324,CUST-00324,Pinnacle Logistics LLC,COMMERCIAL_SME,REG-NE,PRIME_A,816,Excellent (740+)
325,CUST-00325,Sterling Technologies LLC,COMMERCIAL_CORP,REG-MW,PRIME_B,721,Good (680-739)
326,CUST-00326,Sterling Capital LLC,COMMERCIAL_SME,REG-MW,NEAR_PRIME,648,Fair (620-679)
327,CUST-00327,Beacon Enterprises LLC,COMMERCIAL_SME,REG-MW,PRIME_A,765,Excellent (740+)
328,CUST-00328,Olivia Smith,RETAIL_MORTGAGE,REG-WE,PRIME_B,711,Good (680-739)
329,CUST-00329,Olivia Rodriguez,RETAIL_CONSUMER,REG-MW,PRIME_A,749,Excellent (740+)
330,CUST-00330,Vanguard Holdings LLC,COMMERCIAL_CORP,REG-SO,PRIME_B,702,Good (680-739)
331,CUST-00331,Alexander Garcia,RETAIL_CONSUMER,REG-MW,NEAR_PRIME,673,Fair (620-679)
332,CUST-00332,Michael Johnson,RETAIL_MORTGAGE,REG-NE,PRIME_B,710,Good (680-739)
333,CUST-00333,Emma Smith,RETAIL_CONSUMER,REG-WE,PRIME_A,754,Excellent (740+)
334,CUST-00334,William Miller,RETAIL_MORTGAGE,REG-NE,PRIME_B,730,Good (680-739)
335,CUST-00335,Mia Rodriguez,RETAIL_MORTGAGE,REG-MW,PRIME_B,718,Good (680-739)
336,CUST-00336,Michael Miller,RETAIL_CONSUMER,REG-NE,PRIME_A,741,Excellent (740+)
337,CUST-00337,William Brown,RETAIL_MORTGAGE,REG-SO,NEAR_PRIME,677,Fair (620-679)
338,CUST-00338,Atlas Enterprises LLC,COMMERCIAL_CORP,REG-NE,NEAR_PRIME,668,Fair (620-679)
339,CUST-00339,Olivia Miller,RETAIL_MORTGAGE,REG-WE,PRIME_B,737,Good (680-739)
340,CUST-00340,Titan Enterprises LLC,COMMERCIAL_SME,REG-MW,NEAR_PRIME,638,Fair (620-679)
341,CUST-00341,Sterling Manufacturing LLC,COMMERCIAL_SME,REG-WE,PRIME_B,703,Good (680-739)
342,CUST-00342,Mia Rodriguez,RETAIL_MORTGAGE,REG-MW,PRIME_B,733,Good (680-739)
343,CUST-00343,Vanguard Retail LLC,COMMERCIAL_CORP,REG-WE,PRIME_A,745,Excellent (740+)
344,CUST-00344,Michael Jones,RETAIL_MORTGAGE,REG-WE,SUBPRIME,581,Subprime (<620)
345,CUST-00345,Emma Davis,RETAIL_CONSUMER,REG-WE,PRIME_A,758,Excellent (740+)
346,CUST-00346,Daniel Smith,RETAIL_MORTGAGE,REG-WE,PRIME_B,685,Good (680-739)
347,CUST-00347,Emma Brown,RETAIL_MORTGAGE,REG-NE,NEAR_PRIME,659,Fair (620-679)
348,CUST-00348,Olivia Miller,RETAIL_MORTGAGE,REG-WE,NEAR_PRIME,643,Fair (620-679)
349,CUST-00349,Titan Enterprises LLC,COMMERCIAL_SME,REG-MW,NEAR_PRIME,659,Fair (620-679)
350,CUST-00350,Titan Holdings LLC,COMMERCIAL_SME,REG-NE,PRIME_A,768,Excellent (740+)
351,CUST-00351,Nexus Properties LLC,COMMERCIAL_CORP,REG-MW,NEAR_PRIME,676,Fair (620-679)
352,CUST-00352,Nexus Holdings LLC,COMMERCIAL_CORP,REG-WE,PRIME_A,785,Excellent (740+)
353,CUST-00353,Beacon Technologies LLC,COMMERCIAL_CORP,REG-SO,PRIME_A,786,Excellent (740+)
354,CUST-00354,Titan Manufacturing LLC,COMMERCIAL_SME,REG-WE,PRIME_B,688,Good (680-739)
355,CUST-00355,Atlas Logistics LLC,COMMERCIAL_SME,REG-WE,PRIME_B,712,Good (680-739)
356,CUST-00356,Vanguard Properties LLC,COMMERCIAL_CORP,REG-MW,NEAR_PRIME,627,Fair (620-679)
357,CUST-00357,Horizon Technologies LLC,COMMERCIAL_CORP,REG-NE,PRIME_B,700,Good (680-739)
358,CUST-00358,Mia Miller,RETAIL_CONSUMER,REG-SO,PRIME_B,719,Good (680-739)
359,CUST-00359,Sterling Technologies LLC,COMMERCIAL_SME,REG-WE,PRIME_A,747,Excellent (740+)
360,CUST-00360,Nexus Holdings LLC,COMMERCIAL_CORP,REG-MW,NEAR_PRIME,655,Fair (620-679)
361,CUST-00361,Horizon Capital LLC,COMMERCIAL_SME,REG-MW,PRIME_B,698,Good (680-739)
362,CUST-00362,Daniel Williams,RETAIL_CONSUMER,REG-MW,PRIME_B,706,Good (680-739)
363,CUST-00363,Sterling Logistics LLC,COMMERCIAL_SME,REG-WE,PRIME_A,793,Excellent (740+)
364,CUST-00364,Atlas Retail LLC,COMMERCIAL_SME,REG-WE,NEAR_PRIME,637,Fair (620-679)
365,CUST-00365,Mia Smith,RETAIL_CONSUMER,REG-NE,PRIME_B,702,Good (680-739)
366,CUST-00366,Sterling Retail LLC,COMMERCIAL_SME,REG-WE,PRIME_B,689,Good (680-739)
367,CUST-00367,Horizon Logistics LLC,COMMERCIAL_CORP,REG-SO,PRIME_B,723,Good (680-739)
368,CUST-00368,William Smith,RETAIL_CONSUMER,REG-MW,NEAR_PRIME,625,Fair (620-679)
369,CUST-00369,Emma Brown,RETAIL_MORTGAGE,REG-WE,PRIME_B,714,Good (680-739)
370,CUST-00370,Michael Martinez,RETAIL_CONSUMER,REG-WE,PRIME_A,785,Excellent (740+)
371,CUST-00371,Sterling Enterprises LLC,COMMERCIAL_SME,REG-NE,NEAR_PRIME,660,Fair (620-679)
372,CUST-00372,Horizon Holdings LLC,COMMERCIAL_SME,REG-SO,PRIME_B,707,Good (680-739)
373,CUST-00373,William Williams,RETAIL_CONSUMER,REG-NE,PRIME_B,680,Good (680-739)
374,CUST-00374,Titan Technologies LLC,COMMERCIAL_SME,REG-WE,PRIME_B,697,Good (680-739)
375,CUST-00375,Emma Johnson,RETAIL_CONSUMER,REG-WE,SUBPRIME,608,Subprime (<620)
376,CUST-00376,Olivia Martinez,RETAIL_CONSUMER,REG-WE,PRIME_A,747,Excellent (740+)
377,CUST-00377,Olivia Johnson,RETAIL_CONSUMER,REG-WE,PRIME_B,707,Good (680-739)
378,CUST-00378,William Garcia,RETAIL_CONSUMER,REG-SO,NEAR_PRIME,632,Fair (620-679)
379,CUST-00379,James Smith,RETAIL_MORTGAGE,REG-SO,PRIME_A,775,Excellent (740+)
380,CUST-00380,Ava Smith,RETAIL_MORTGAGE,REG-WE,PRIME_A,751,Excellent (740+)
381,CUST-00381,William Williams,RETAIL_MORTGAGE,REG-MW,PRIME_A,776,Excellent (740+)
382,CUST-00382,Apex Capital LLC,COMMERCIAL_CORP,REG-MW,NEAR_PRIME,654,Fair (620-679)
383,CUST-00383,Emma Johnson,RETAIL_MORTGAGE,REG-WE,PRIME_A,758,Excellent (740+)
384,CUST-00384,James Garcia,RETAIL_CONSUMER,REG-NE,PRIME_B,690,Good (680-739)
385,CUST-00385,Ava Johnson,RETAIL_CONSUMER,REG-MW,PRIME_B,693,Good (680-739)
386,CUST-00386,Summit Capital LLC,COMMERCIAL_SME,REG-SO,PRIME_B,739,Good (680-739)
387,CUST-00387,Beacon Logistics LLC,COMMERCIAL_CORP,REG-MW,PRIME_B,699,Good (680-739)
388,CUST-00388,Mia Davis,RETAIL_CONSUMER,REG-WE,NEAR_PRIME,667,Fair (620-679)
389,CUST-00389,Sterling Capital LLC,COMMERCIAL_CORP,REG-NE,PRIME_B,691,Good (680-739)
390,CUST-00390,Daniel Martinez,RETAIL_CONSUMER,REG-MW,PRIME_A,741,Excellent (740+)
391,CUST-00391,William Brown,RETAIL_MORTGAGE,REG-NE,SUBPRIME,618,Subprime (<620)
392,CUST-00392,Titan Capital LLC,COMMERCIAL_CORP,REG-MW,PRIME_B,714,Good (680-739)
393,CUST-00393,Olivia Garcia,RETAIL_CONSUMER,REG-NE,PRIME_A,770,Excellent (740+)
394,CUST-00394,Emma Smith,RETAIL_CONSUMER,REG-WE,PRIME_A,777,Excellent (740+)
395,CUST-00395,Atlas Properties LLC,COMMERCIAL_SME,REG-NE,PRIME_B,683,Good (680-739)
396,CUST-00396,Pinnacle Holdings LLC,COMMERCIAL_CORP,REG-MW,PRIME_B,681,Good (680-739)
397,CUST-00397,Horizon Enterprises LLC,COMMERCIAL_SME,REG-MW,NEAR_PRIME,670,Fair (620-679)
398,CUST-00398,Vanguard Logistics LLC,COMMERCIAL_CORP,REG-WE,PRIME_A,760,Excellent (740+)
399,CUST-00399,Pinnacle Technologies LLC,COMMERCIAL_CORP,REG-NE,PRIME_A,771,Excellent (740+)
400,CUST-00400,Michael Garcia,RETAIL_MORTGAGE,REG-SO,PRIME_A,754,Excellent (740+)
401,CUST-00401,Apex Enterprises LLC,COMMERCIAL_SME,REG-NE,PRIME_B,732,Good (680-739)
402,CUST-00402,Ava Davis,RETAIL_CONSUMER,REG-NE,NEAR_PRIME,645,Fair (620-679)
403,CUST-00403,Olivia Williams,RETAIL_MORTGAGE,REG-MW,PRIME_B,689,Good (680-739)
404,CUST-00404,Apex Logistics LLC,COMMERCIAL_SME,REG-NE,PRIME_A,740,Excellent (740+)
405,CUST-00405,Summit Logistics LLC,COMMERCIAL_SME,REG-MW,NEAR_PRIME,625,Fair (620-679)
406,CUST-00406,Nexus Properties LLC,COMMERCIAL_SME,REG-WE,PRIME_B,687,Good (680-739)
407,CUST-00407,Summit Manufacturing LLC,COMMERCIAL_CORP,REG-NE,PRIME_A,762,Excellent (740+)
408,CUST-00408,William Garcia,RETAIL_CONSUMER,REG-SO,SUBPRIME,530,Subprime (<620)
409,CUST-00409,Sterling Properties LLC,COMMERCIAL_SME,REG-SO,PRIME_B,717,Good (680-739)
410,CUST-00410,Daniel Brown,RETAIL_MORTGAGE,REG-MW,NEAR_PRIME,645,Fair (620-679)
411,CUST-00411,Apex Enterprises LLC,COMMERCIAL_CORP,REG-SO,PRIME_A,785,Excellent (740+)
412,CUST-00412,Atlas Retail LLC,COMMERCIAL_CORP,REG-MW,PRIME_B,720,Good (680-739)
413,CUST-00413,Beacon Logistics LLC,COMMERCIAL_CORP,REG-SO,PRIME_A,804,Excellent (740+)
414,CUST-00414,Sterling Holdings LLC,COMMERCIAL_SME,REG-NE,NEAR_PRIME,674,Fair (620-679)
415,CUST-00415,Atlas Technologies LLC,COMMERCIAL_SME,REG-NE,PRIME_B,722,Good (680-739)
416,CUST-00416,Olivia Davis,RETAIL_CONSUMER,REG-SO,PRIME_B,736,Good (680-739)
417,CUST-00417,Summit Holdings LLC,COMMERCIAL_SME,REG-NE,PRIME_A,745,Excellent (740+)
418,CUST-00418,Ava Jones,RETAIL_MORTGAGE,REG-MW,PRIME_A,747,Excellent (740+)
419,CUST-00419,Sterling Logistics LLC,COMMERCIAL_CORP,REG-SO,PRIME_B,739,Good (680-739)
420,CUST-00420,Daniel Smith,RETAIL_MORTGAGE,REG-WE,PRIME_A,805,Excellent (740+)
421,CUST-00421,Alexander Davis,RETAIL_MORTGAGE,REG-NE,SUBPRIME,618,Subprime (<620)
422,CUST-00422,James Smith,RETAIL_MORTGAGE,REG-NE,NEAR_PRIME,663,Fair (620-679)
423,CUST-00423,Nexus Holdings LLC,COMMERCIAL_CORP,REG-WE,PRIME_B,689,Good (680-739)
424,CUST-00424,Summit Holdings LLC,COMMERCIAL_CORP,REG-WE,PRIME_B,702,Good (680-739)
425,CUST-00425,Titan Logistics LLC,COMMERCIAL_SME,REG-NE,PRIME_A,748,Excellent (740+)
426,CUST-00426,Summit Enterprises LLC,COMMERCIAL_CORP,REG-WE,PRIME_A,771,Excellent (740+)
427,CUST-00427,Apex Manufacturing LLC,COMMERCIAL_SME,REG-MW,PRIME_B,688,Good (680-739)
428,CUST-00428,Summit Capital LLC,COMMERCIAL_CORP,REG-WE,NEAR_PRIME,677,Fair (620-679)
429,CUST-00429,Alexander Garcia,RETAIL_CONSUMER,REG-NE,SUBPRIME,586,Subprime (<620)
430,CUST-00430,Summit Logistics LLC,COMMERCIAL_SME,REG-SO,PRIME_B,729,Good (680-739)
431,CUST-00431,James Davis,RETAIL_MORTGAGE,REG-SO,SUBPRIME,589,Subprime (<620)
432,CUST-00432,Pinnacle Logistics LLC,COMMERCIAL_CORP,REG-MW,PRIME_B,705,Good (680-739)
433,CUST-00433,Olivia Williams,RETAIL_CONSUMER,REG-WE,PRIME_B,726,Good (680-739)
434,CUST-00434,Olivia Martinez,RETAIL_MORTGAGE,REG-NE,PRIME_A,761,Excellent (740+)
435,CUST-00435,Horizon Properties LLC,COMMERCIAL_SME,REG-WE,PRIME_B,725,Good (680-739)
436,CUST-00436,Apex Enterprises LLC,COMMERCIAL_CORP,REG-WE,PRIME_B,731,Good (680-739)
437,CUST-00437,Nexus Logistics LLC,COMMERCIAL_CORP,REG-MW,PRIME_A,779,Excellent (740+)
438,CUST-00438,Emma Garcia,RETAIL_MORTGAGE,REG-SO,PRIME_B,700,Good (680-739)
439,CUST-00439,William Garcia,RETAIL_CONSUMER,REG-SO,PRIME_B,712,Good (680-739)
440,CUST-00440,Michael Rodriguez,RETAIL_MORTGAGE,REG-SO,PRIME_B,716,Good (680-739)
441,CUST-00441,Mia Williams,RETAIL_MORTGAGE,REG-MW,SUBPRIME,619,Subprime (<620)
442,CUST-00442,Sterling Logistics LLC,COMMERCIAL_CORP,REG-WE,PRIME_A,770,Excellent (740+)
443,CUST-00443,Mia Johnson,RETAIL_MORTGAGE,REG-MW,PRIME_B,720,Good (680-739)
444,CUST-00444,Emma Garcia,RETAIL_MORTGAGE,REG-MW,NEAR_PRIME,677,Fair (620-679)
445,CUST-00445,Nexus Properties LLC,COMMERCIAL_SME,REG-NE,PRIME_B,736,Good (680-739)
446,CUST-00446,Alexander Davis,RETAIL_CONSUMER,REG-MW,SUBPRIME,596,Subprime (<620)
447,CUST-00447,Sterling Manufacturing LLC,COMMERCIAL_SME,REG-WE,PRIME_B,729,Good (680-739)
448,CUST-00448,Beacon Enterprises LLC,COMMERCIAL_SME,REG-NE,PRIME_B,735,Good (680-739)
449,CUST-00449,Olivia Martinez,RETAIL_CONSUMER,REG-NE,PRIME_A,816,Excellent (740+)
450,CUST-00450,Michael Smith,RETAIL_CONSUMER,REG-WE,NEAR_PRIME,678,Fair (620-679)
451,CUST-00451,Pinnacle Properties LLC,COMMERCIAL_SME,REG-SO,PRIME_B,721,Good (680-739)
452,CUST-00452,Apex Capital LLC,COMMERCIAL_SME,REG-SO,PRIME_B,734,Good (680-739)
453,CUST-00453,Sophia Johnson,RETAIL_CONSUMER,REG-WE,PRIME_B,726,Good (680-739)
454,CUST-00454,Alexander Davis,RETAIL_MORTGAGE,REG-SO,PRIME_B,695,Good (680-739)
455,CUST-00455,Summit Enterprises LLC,COMMERCIAL_CORP,REG-WE,PRIME_A,752,Excellent (740+)
456,CUST-00456,William Martinez,RETAIL_CONSUMER,REG-MW,NEAR_PRIME,652,Fair (620-679)
457,CUST-00457,Olivia Rodriguez,RETAIL_CONSUMER,REG-NE,SUBPRIME,603,Subprime (<620)
458,CUST-00458,Horizon Retail LLC,COMMERCIAL_SME,REG-WE,PRIME_A,758,Excellent (740+)
459,CUST-00459,Apex Technologies LLC,COMMERCIAL_SME,REG-WE,PRIME_A,775,Excellent (740+)
460,CUST-00460,Michael Smith,RETAIL_MORTGAGE,REG-MW,PRIME_A,759,Excellent (740+)
461,CUST-00461,Mia Jones,RETAIL_CONSUMER,REG-MW,NEAR_PRIME,648,Fair (620-679)
462,CUST-00462,William Rodriguez,RETAIL_CONSUMER,REG-SO,PRIME_A,777,Excellent (740+)
463,CUST-00463,Emma Miller,RETAIL_MORTGAGE,REG-WE,PRIME_B,735,Good (680-739)
464,CUST-00464,Sterling Holdings LLC,COMMERCIAL_CORP,REG-NE,PRIME_A,767,Excellent (740+)
465,CUST-00465,William Miller,RETAIL_MORTGAGE,REG-WE,NEAR_PRIME,645,Fair (620-679)
466,CUST-00466,James Miller,RETAIL_CONSUMER,REG-WE,NEAR_PRIME,625,Fair (620-679)
467,CUST-00467,Pinnacle Enterprises LLC,COMMERCIAL_SME,REG-WE,PRIME_A,802,Excellent (740+)
468,CUST-00468,Sophia Williams,RETAIL_CONSUMER,REG-NE,PRIME_B,704,Good (680-739)
469,CUST-00469,William Miller,RETAIL_MORTGAGE,REG-SO,NEAR_PRIME,669,Fair (620-679)
470,CUST-00470,Daniel Garcia,RETAIL_CONSUMER,REG-WE,NEAR_PRIME,674,Fair (620-679)
471,CUST-00471,Horizon Capital LLC,COMMERCIAL_SME,REG-SO,PRIME_A,777,Excellent (740+)
472,CUST-00472,Apex Manufacturing LLC,COMMERCIAL_SME,REG-MW,PRIME_A,786,Excellent (740+)
473,CUST-00473,Pinnacle Enterprises LLC,COMMERCIAL_SME,REG-MW,PRIME_A,743,Excellent (740+)
474,CUST-00474,Titan Retail LLC,COMMERCIAL_CORP,REG-SO,NEAR_PRIME,672,Fair (620-679)
475,CUST-00475,Olivia Williams,RETAIL_CONSUMER,REG-SO,PRIME_B,714,Good (680-739)
476,CUST-00476,Summit Manufacturing LLC,COMMERCIAL_CORP,REG-NE,PRIME_B,690,Good (680-739)
477,CUST-00477,Alexander Rodriguez,RETAIL_CONSUMER,REG-SO,PRIME_A,793,Excellent (740+)
478,CUST-00478,Mia Smith,RETAIL_MORTGAGE,REG-MW,PRIME_B,703,Good (680-739)
479,CUST-00479,Alexander Miller,RETAIL_MORTGAGE,REG-SO,PRIME_B,729,Good (680-739)
480,CUST-00480,Mia Johnson,RETAIL_CONSUMER,REG-WE,NEAR_PRIME,636,Fair (620-679)
481,CUST-00481,Daniel Martinez,RETAIL_MORTGAGE,REG-SO,NEAR_PRIME,650,Fair (620-679)
482,CUST-00482,William Jones,RETAIL_MORTGAGE,REG-SO,NEAR_PRIME,658,Fair (620-679)
483,CUST-00483,Michael Rodriguez,RETAIL_CONSUMER,REG-MW,PRIME_B,702,Good (680-739)
484,CUST-00484,Michael Smith,RETAIL_CONSUMER,REG-SO,SUBPRIME,561,Subprime (<620)
485,CUST-00485,Atlas Capital LLC,COMMERCIAL_SME,REG-WE,PRIME_B,715,Good (680-739)
486,CUST-00486,Horizon Retail LLC,COMMERCIAL_SME,REG-MW,NEAR_PRIME,660,Fair (620-679)
487,CUST-00487,Daniel Williams,RETAIL_CONSUMER,REG-MW,NEAR_PRIME,671,Fair (620-679)
488,CUST-00488,Olivia Johnson,RETAIL_CONSUMER,REG-MW,PRIME_A,755,Excellent (740+)
489,CUST-00489,Olivia Garcia,RETAIL_MORTGAGE,REG-WE,PRIME_B,686,Good (680-739)
490,CUST-00490,Ava Brown,RETAIL_MORTGAGE,REG-NE,PRIME_B,739,Good (680-739)
491,CUST-00491,Atlas Logistics LLC,COMMERCIAL_SME,REG-SO,PRIME_B,737,Good (680-739)
492,CUST-00492,Michael Garcia,RETAIL_MORTGAGE,REG-WE,NEAR_PRIME,665,Fair (620-679)
493,CUST-00493,Summit Enterprises LLC,COMMERCIAL_CORP,REG-SO,PRIME_B,717,Good (680-739)
494,CUST-00494,Titan Holdings LLC,COMMERCIAL_SME,REG-MW,PRIME_B,716,Good (680-739)
495,CUST-00495,Ava Miller,RETAIL_CONSUMER,REG-WE,PRIME_A,764,Excellent (740+)
496,CUST-00496,James Smith,RETAIL_MORTGAGE,REG-MW,PRIME_B,692,Good (680-739)
497,CUST-00497,William Williams,RETAIL_CONSUMER,REG-SO,PRIME_A,746,Excellent (740+)
498,CUST-00498,Titan Enterprises LLC,COMMERCIAL_CORP,REG-SO,PRIME_A,752,Excellent (740+)
499,CUST-00499,Nexus Manufacturing LLC,COMMERCIAL_CORP,REG-WE,PRIME_A,769,Excellent (740+)
500,CUST-00500,Vanguard Logistics LLC,COMMERCIAL_SME,REG-MW,PRIME_A,804,Excellent (740+)
501,CUST-00501,Atlas Properties LLC,COMMERCIAL_SME,REG-NE,PRIME_B,728,Good (680-739)
502,CUST-00502,Apex Holdings LLC,COMMERCIAL_CORP,REG-NE,NEAR_PRIME,657,Fair (620-679)
503,CUST-00503,Michael Brown,RETAIL_CONSUMER,REG-WE,NEAR_PRIME,661,Fair (620-679)
504,CUST-00504,Mia Martinez,RETAIL_CONSUMER,REG-SO,SUBPRIME,610,Subprime (<620)
505,CUST-00505,William Johnson,RETAIL_MORTGAGE,REG-NE,PRIME_B,705,Good (680-739)
506,CUST-00506,Olivia Miller,RETAIL_MORTGAGE,REG-MW,NEAR_PRIME,621,Fair (620-679)
507,CUST-00507,Ava Garcia,RETAIL_CONSUMER,REG-MW,PRIME_B,690,Good (680-739)
508,CUST-00508,Michael Johnson,RETAIL_CONSUMER,REG-WE,PRIME_B,699,Good (680-739)
509,CUST-00509,Sophia Davis,RETAIL_CONSUMER,REG-SO,PRIME_A,740,Excellent (740+)
510,CUST-00510,Pinnacle Enterprises LLC,COMMERCIAL_SME,REG-NE,PRIME_B,717,Good (680-739)
511,CUST-00511,James Smith,RETAIL_CONSUMER,REG-NE,PRIME_A,742,Excellent (740+)
512,CUST-00512,Emma Garcia,RETAIL_CONSUMER,REG-SO,SUBPRIME,619,Subprime (<620)
513,CUST-00513,William Miller,RETAIL_CONSUMER,REG-WE,NEAR_PRIME,664,Fair (620-679)
514,CUST-00514,Apex Technologies LLC,COMMERCIAL_SME,REG-MW,NEAR_PRIME,672,Fair (620-679)
515,CUST-00515,Michael Martinez,RETAIL_CONSUMER,REG-WE,NEAR_PRIME,648,Fair (620-679)
516,CUST-00516,Ava Davis,RETAIL_MORTGAGE,REG-MW,PRIME_B,728,Good (680-739)
517,CUST-00517,Nexus Logistics LLC,COMMERCIAL_CORP,REG-SO,PRIME_B,700,Good (680-739)
518,CUST-00518,Daniel Rodriguez,RETAIL_CONSUMER,REG-SO,SUBPRIME,603,Subprime (<620)
519,CUST-00519,Ava Garcia,RETAIL_CONSUMER,REG-MW,NEAR_PRIME,645,Fair (620-679)
520,CUST-00520,James Williams,RETAIL_MORTGAGE,REG-NE,SUBPRIME,616,Subprime (<620)
521,CUST-00521,Emma Davis,RETAIL_CONSUMER,REG-MW,NEAR_PRIME,666,Fair (620-679)
522,CUST-00522,Alexander Brown,RETAIL_CONSUMER,REG-WE,PRIME_B,738,Good (680-739)
523,CUST-00523,Ava Davis,RETAIL_CONSUMER,REG-NE,NEAR_PRIME,622,Fair (620-679)
524,CUST-00524,Daniel Rodriguez,RETAIL_CONSUMER,REG-NE,PRIME_A,840,Excellent (740+)
525,CUST-00525,Daniel Rodriguez,RETAIL_CONSUMER,REG-SO,PRIME_B,713,Good (680-739)
526,CUST-00526,Titan Enterprises LLC,COMMERCIAL_CORP,REG-MW,PRIME_A,784,Excellent (740+)
527,CUST-00527,Ava Johnson,RETAIL_CONSUMER,REG-SO,PRIME_A,762,Excellent (740+)
528,CUST-00528,Daniel Rodriguez,RETAIL_CONSUMER,REG-SO,PRIME_A,740,Excellent (740+)
529,CUST-00529,Michael Miller,RETAIL_MORTGAGE,REG-WE,PRIME_A,754,Excellent (740+)
530,CUST-00530,Vanguard Enterprises LLC,COMMERCIAL_SME,REG-WE,PRIME_A,758,Excellent (740+)
531,CUST-00531,Ava Davis,RETAIL_MORTGAGE,REG-NE,SUBPRIME,608,Subprime (<620)
532,CUST-00532,Daniel Miller,RETAIL_CONSUMER,REG-NE,SUBPRIME,564,Subprime (<620)
533,CUST-00533,Mia Williams,RETAIL_CONSUMER,REG-MW,PRIME_B,686,Good (680-739)
534,CUST-00534,Alexander Martinez,RETAIL_MORTGAGE,REG-WE,NEAR_PRIME,658,Fair (620-679)
535,CUST-00535,Pinnacle Retail LLC,COMMERCIAL_SME,REG-SO,PRIME_B,728,Good (680-739)
536,CUST-00536,Daniel Brown,RETAIL_CONSUMER,REG-SO,NEAR_PRIME,659,Fair (620-679)
537,CUST-00537,Summit Technologies LLC,COMMERCIAL_SME,REG-SO,NEAR_PRIME,650,Fair (620-679)
538,CUST-00538,Sterling Capital LLC,COMMERCIAL_SME,REG-WE,PRIME_B,718,Good (680-739)
539,CUST-00539,James Rodriguez,RETAIL_CONSUMER,REG-WE,PRIME_B,736,Good (680-739)
540,CUST-00540,Pinnacle Properties LLC,COMMERCIAL_SME,REG-MW,PRIME_A,747,Excellent (740+)
541,CUST-00541,Daniel Smith,RETAIL_MORTGAGE,REG-MW,NEAR_PRIME,648,Fair (620-679)
542,CUST-00542,Daniel Miller,RETAIL_CONSUMER,REG-MW,PRIME_A,741,Excellent (740+)
543,CUST-00543,James Miller,RETAIL_MORTGAGE,REG-SO,SUBPRIME,575,Subprime (<620)
544,CUST-00544,William Brown,RETAIL_CONSUMER,REG-NE,PRIME_A,787,Excellent (740+)
545,CUST-00545,Olivia Martinez,RETAIL_MORTGAGE,REG-MW,SUBPRIME,611,Subprime (<620)
546,CUST-00546,Beacon Technologies LLC,COMMERCIAL_SME,REG-MW,PRIME_B,702,Good (680-739)
547,CUST-00547,Atlas Properties LLC,COMMERCIAL_CORP,REG-NE,PRIME_B,697,Good (680-739)
548,CUST-00548,Apex Technologies LLC,COMMERCIAL_SME,REG-MW,PRIME_B,711,Good (680-739)
549,CUST-00549,Ava Martinez,RETAIL_MORTGAGE,REG-SO,NEAR_PRIME,667,Fair (620-679)
550,CUST-00550,Daniel Williams,RETAIL_MORTGAGE,REG-NE,PRIME_B,682,Good (680-739)
551,CUST-00551,Vanguard Enterprises LLC,COMMERCIAL_CORP,REG-MW,PRIME_B,701,Good (680-739)
552,CUST-00552,Emma Garcia,RETAIL_CONSUMER,REG-NE,PRIME_B,733,Good (680-739)
553,CUST-00553,James Garcia,RETAIL_CONSUMER,REG-MW,SUBPRIME,611,Subprime (<620)
554,CUST-00554,Daniel Garcia,RETAIL_CONSUMER,REG-NE,PRIME_A,762,Excellent (740+)
555,CUST-00555,Sophia Garcia,RETAIL_CONSUMER,REG-SO,SUBPRIME,544,Subprime (<620)
556,CUST-00556,Emma Brown,RETAIL_CONSUMER,REG-NE,NEAR_PRIME,677,Fair (620-679)
557,CUST-00557,Emma Brown,RETAIL_MORTGAGE,REG-WE,SUBPRIME,599,Subprime (<620)
558,CUST-00558,Michael Smith,RETAIL_CONSUMER,REG-NE,NEAR_PRIME,668,Fair (620-679)
559,CUST-00559,Summit Properties LLC,COMMERCIAL_CORP,REG-NE,NEAR_PRIME,665,Fair (620-679)
560,CUST-00560,Atlas Enterprises LLC,COMMERCIAL_SME,REG-WE,PRIME_B,698,Good (680-739)
561,CUST-00561,Mia Smith,RETAIL_CONSUMER,REG-NE,PRIME_B,682,Good (680-739)
562,CUST-00562,Mia Johnson,RETAIL_MORTGAGE,REG-SO,NEAR_PRIME,667,Fair (620-679)
563,CUST-00563,Titan Technologies LLC,COMMERCIAL_SME,REG-NE,PRIME_B,696,Good (680-739)
564,CUST-00564,William Garcia,RETAIL_CONSUMER,REG-MW,PRIME_B,683,Good (680-739)
565,CUST-00565,Emma Smith,RETAIL_MORTGAGE,REG-MW,PRIME_A,770,Excellent (740+)
566,CUST-00566,Vanguard Capital LLC,COMMERCIAL_SME,REG-SO,PRIME_B,721,Good (680-739)
567,CUST-00567,Vanguard Properties LLC,COMMERCIAL_CORP,REG-MW,PRIME_B,729,Good (680-739)
568,CUST-00568,Daniel Johnson,RETAIL_MORTGAGE,REG-WE,PRIME_B,725,Good (680-739)
569,CUST-00569,Nexus Enterprises LLC,COMMERCIAL_CORP,REG-WE,PRIME_A,765,Excellent (740+)
570,CUST-00570,Ava Davis,RETAIL_MORTGAGE,REG-SO,PRIME_A,753,Excellent (740+)
571,CUST-00571,Mia Martinez,RETAIL_CONSUMER,REG-MW,NEAR_PRIME,655,Fair (620-679)
572,CUST-00572,Atlas Properties LLC,COMMERCIAL_SME,REG-MW,PRIME_A,749,Excellent (740+)
573,CUST-00573,Ava Davis,RETAIL_CONSUMER,REG-WE,NEAR_PRIME,657,Fair (620-679)
574,CUST-00574,Michael Rodriguez,RETAIL_CONSUMER,REG-SO,PRIME_B,729,Good (680-739)
575,CUST-00575,James Rodriguez,RETAIL_CONSUMER,REG-NE,SUBPRIME,615,Subprime (<620)
576,CUST-00576,Horizon Properties LLC,COMMERCIAL_SME,REG-NE,NEAR_PRIME,659,Fair (620-679)
577,CUST-00577,Olivia Miller,RETAIL_CONSUMER,REG-MW,PRIME_B,707,Good (680-739)
578,CUST-00578,Alexander Garcia,RETAIL_CONSUMER,REG-NE,PRIME_A,791,Excellent (740+)
579,CUST-00579,Daniel Williams,RETAIL_MORTGAGE,REG-MW,NEAR_PRIME,654,Fair (620-679)
580,CUST-00580,Olivia Smith,RETAIL_MORTGAGE,REG-WE,PRIME_B,702,Good (680-739)
581,CUST-00581,Vanguard Logistics LLC,COMMERCIAL_CORP,REG-SO,PRIME_B,693,Good (680-739)
582,CUST-00582,James Garcia,RETAIL_MORTGAGE,REG-NE,NEAR_PRIME,626,Fair (620-679)
583,CUST-00583,William Martinez,RETAIL_CONSUMER,REG-SO,NEAR_PRIME,654,Fair (620-679)
584,CUST-00584,Daniel Jones,RETAIL_CONSUMER,REG-NE,NEAR_PRIME,679,Fair (620-679)
585,CUST-00585,Olivia Davis,RETAIL_CONSUMER,REG-SO,PRIME_B,723,Good (680-739)
586,CUST-00586,Emma Rodriguez,RETAIL_CONSUMER,REG-MW,SUBPRIME,569,Subprime (<620)
587,CUST-00587,Sterling Holdings LLC,COMMERCIAL_SME,REG-SO,PRIME_B,695,Good (680-739)
588,CUST-00588,Sophia Martinez,RETAIL_CONSUMER,REG-WE,NEAR_PRIME,637,Fair (620-679)
589,CUST-00589,Summit Technologies LLC,COMMERCIAL_CORP,REG-NE,PRIME_A,755,Excellent (740+)
590,CUST-00590,Horizon Capital LLC,COMMERCIAL_SME,REG-MW,PRIME_A,760,Excellent (740+)
591,CUST-00591,Beacon Manufacturing LLC,COMMERCIAL_CORP,REG-SO,SUBPRIME,585,Subprime (<620)
592,CUST-00592,Mia Williams,RETAIL_MORTGAGE,REG-MW,PRIME_A,749,Excellent (740+)
593,CUST-00593,Titan Holdings LLC,COMMERCIAL_SME,REG-SO,PRIME_B,725,Good (680-739)
594,CUST-00594,Michael Martinez,RETAIL_MORTGAGE,REG-WE,PRIME_A,748,Excellent (740+)
595,CUST-00595,Daniel Rodriguez,RETAIL_CONSUMER,REG-NE,PRIME_B,690,Good (680-739)
596,CUST-00596,Alexander Rodriguez,RETAIL_CONSUMER,REG-NE,NEAR_PRIME,663,Fair (620-679)
597,CUST-00597,Sophia Davis,RETAIL_CONSUMER,REG-WE,PRIME_B,704,Good (680-739)
598,CUST-00598,Alexander Williams,RETAIL_MORTGAGE,REG-NE,NEAR_PRIME,633,Fair (620-679)
599,CUST-00599,William Martinez,RETAIL_MORTGAGE,REG-NE,PRIME_B,733,Good (680-739)
600,CUST-00600,Daniel Smith,RETAIL_MORTGAGE,REG-NE,NEAR_PRIME,646,Fair (620-679)
601,CUST-00601,Olivia Johnson,RETAIL_MORTGAGE,REG-WE,PRIME_B,739,Good (680-739)
602,CUST-00602,Mia Jones,RETAIL_CONSUMER,REG-SO,PRIME_A,761,Excellent (740+)
603,CUST-00603,Summit Enterprises LLC,COMMERCIAL_SME,REG-WE,NEAR_PRIME,671,Fair (620-679)
604,CUST-00604,Michael Johnson,RETAIL_MORTGAGE,REG-WE,NEAR_PRIME,664,Fair (620-679)
605,CUST-00605,Emma Brown,RETAIL_CONSUMER,REG-MW,SUBPRIME,584,Subprime (<620)
606,CUST-00606,Michael Miller,RETAIL_CONSUMER,REG-NE,PRIME_B,684,Good (680-739)
607,CUST-00607,Titan Capital LLC,COMMERCIAL_CORP,REG-MW,PRIME_A,749,Excellent (740+)
608,CUST-00608,Mia Rodriguez,RETAIL_CONSUMER,REG-WE,PRIME_B,714,Good (680-739)
609,CUST-00609,Titan Retail LLC,COMMERCIAL_CORP,REG-MW,PRIME_A,807,Excellent (740+)
610,CUST-00610,Sterling Technologies LLC,COMMERCIAL_SME,REG-MW,PRIME_B,725,Good (680-739)
611,CUST-00611,Emma Jones,RETAIL_CONSUMER,REG-MW,PRIME_B,700,Good (680-739)
612,CUST-00612,Emma Rodriguez,RETAIL_CONSUMER,REG-NE,NEAR_PRIME,634,Fair (620-679)
613,CUST-00613,Olivia Jones,RETAIL_MORTGAGE,REG-SO,PRIME_B,712,Good (680-739)
614,CUST-00614,Atlas Holdings LLC,COMMERCIAL_CORP,REG-MW,PRIME_A,834,Excellent (740+)
615,CUST-00615,Horizon Properties LLC,COMMERCIAL_SME,REG-NE,PRIME_A,778,Excellent (740+)
616,CUST-00616,Sophia Garcia,RETAIL_MORTGAGE,REG-WE,SUBPRIME,612,Subprime (<620)
617,CUST-00617,Ava Johnson,RETAIL_CONSUMER,REG-NE,PRIME_B,687,Good (680-739)
618,CUST-00618,Alexander Garcia,RETAIL_CONSUMER,REG-SO,PRIME_A,748,Excellent (740+)
619,CUST-00619,William Johnson,RETAIL_MORTGAGE,REG-MW,SUBPRIME,609,Subprime (<620)
620,CUST-00620,Nexus Manufacturing LLC,COMMERCIAL_SME,REG-SO,PRIME_A,764,Excellent (740+)
621,CUST-00621,Ava Brown,RETAIL_MORTGAGE,REG-MW,PRIME_B,694,Good (680-739)
622,CUST-00622,Michael Johnson,RETAIL_MORTGAGE,REG-SO,PRIME_B,734,Good (680-739)
623,CUST-00623,Mia Smith,RETAIL_MORTGAGE,REG-WE,PRIME_B,696,Good (680-739)
624,CUST-00624,Mia Jones,RETAIL_CONSUMER,REG-WE,SUBPRIME,615,Subprime (<620)
625,CUST-00625,Alexander Brown,RETAIL_MORTGAGE,REG-SO,PRIME_B,690,Good (680-739)
626,CUST-00626,Daniel Garcia,RETAIL_MORTGAGE,REG-NE,NEAR_PRIME,658,Fair (620-679)
627,CUST-00627,Horizon Retail LLC,COMMERCIAL_SME,REG-NE,PRIME_B,717,Good (680-739)
628,CUST-00628,Sterling Properties LLC,COMMERCIAL_CORP,REG-SO,PRIME_B,725,Good (680-739)
629,CUST-00629,Nexus Technologies LLC,COMMERCIAL_SME,REG-SO,PRIME_B,689,Good (680-739)
630,CUST-00630,Ava Williams,RETAIL_MORTGAGE,REG-SO,PRIME_B,690,Good (680-739)
631,CUST-00631,William Brown,RETAIL_CONSUMER,REG-NE,SUBPRIME,578,Subprime (<620)
632,CUST-00632,James Williams,RETAIL_CONSUMER,REG-WE,NEAR_PRIME,649,Fair (620-679)
633,CUST-00633,Ava Jones,RETAIL_MORTGAGE,REG-SO,PRIME_B,689,Good (680-739)
634,CUST-00634,Pinnacle Retail LLC,COMMERCIAL_SME,REG-MW,PRIME_A,808,Excellent (740+)
635,CUST-00635,Olivia Garcia,RETAIL_CONSUMER,REG-SO,SUBPRIME,560,Subprime (<620)
636,CUST-00636,Sterling Technologies LLC,COMMERCIAL_CORP,REG-MW,PRIME_B,681,Good (680-739)
637,CUST-00637,Titan Holdings LLC,COMMERCIAL_SME,REG-WE,PRIME_B,692,Good (680-739)
638,CUST-00638,Atlas Capital LLC,COMMERCIAL_SME,REG-SO,PRIME_A,745,Excellent (740+)
639,CUST-00639,Nexus Enterprises LLC,COMMERCIAL_SME,REG-MW,NEAR_PRIME,679,Fair (620-679)
640,CUST-00640,Mia Rodriguez,RETAIL_MORTGAGE,REG-SO,SUBPRIME,612,Subprime (<620)
641,CUST-00641,Summit Manufacturing LLC,COMMERCIAL_SME,REG-NE,NEAR_PRIME,663,Fair (620-679)
642,CUST-00642,Beacon Holdings LLC,COMMERCIAL_SME,REG-NE,NEAR_PRIME,629,Fair (620-679)
643,CUST-00643,Horizon Holdings LLC,COMMERCIAL_CORP,REG-WE,PRIME_A,769,Excellent (740+)
644,CUST-00644,Vanguard Properties LLC,COMMERCIAL_SME,REG-MW,PRIME_A,757,Excellent (740+)
645,CUST-00645,James Smith,RETAIL_CONSUMER,REG-MW,NEAR_PRIME,628,Fair (620-679)
646,CUST-00646,Daniel Davis,RETAIL_MORTGAGE,REG-SO,SUBPRIME,588,Subprime (<620)
647,CUST-00647,Mia Miller,RETAIL_CONSUMER,REG-WE,SUBPRIME,605,Subprime (<620)
648,CUST-00648,Ava Jones,RETAIL_CONSUMER,REG-NE,NEAR_PRIME,677,Fair (620-679)
649,CUST-00649,Horizon Technologies LLC,COMMERCIAL_SME,REG-NE,PRIME_B,691,Good (680-739)
650,CUST-00650,William Smith,RETAIL_MORTGAGE,REG-WE,PRIME_A,746,Excellent (740+)
651,CUST-00651,Daniel Garcia,RETAIL_CONSUMER,REG-NE,PRIME_B,736,Good (680-739)
652,CUST-00652,Alexander Brown,RETAIL_CONSUMER,REG-WE,PRIME_A,804,Excellent (740+)
653,CUST-00653,Pinnacle Properties LLC,COMMERCIAL_SME,REG-SO,NEAR_PRIME,644,Fair (620-679)
654,CUST-00654,William Martinez,RETAIL_CONSUMER,REG-WE,PRIME_A,751,Excellent (740+)
655,CUST-00655,Summit Holdings LLC,COMMERCIAL_SME,REG-NE,PRIME_B,715,Good (680-739)
656,CUST-00656,Titan Manufacturing LLC,COMMERCIAL_CORP,REG-NE,PRIME_A,742,Excellent (740+)
657,CUST-00657,Ava Smith,RETAIL_MORTGAGE,REG-SO,NEAR_PRIME,634,Fair (620-679)
658,CUST-00658,Daniel Davis,RETAIL_MORTGAGE,REG-NE,PRIME_A,791,Excellent (740+)
659,CUST-00659,Apex Holdings LLC,COMMERCIAL_SME,REG-WE,PRIME_A,790,Excellent (740+)
660,CUST-00660,Vanguard Retail LLC,COMMERCIAL_SME,REG-NE,PRIME_B,708,Good (680-739)
661,CUST-00661,Ava Miller,RETAIL_CONSUMER,REG-MW,NEAR_PRIME,668,Fair (620-679)
662,CUST-00662,Pinnacle Retail LLC,COMMERCIAL_CORP,REG-NE,PRIME_B,684,Good (680-739)
663,CUST-00663,Emma Brown,RETAIL_MORTGAGE,REG-MW,NEAR_PRIME,654,Fair (620-679)
664,CUST-00664,Apex Logistics LLC,COMMERCIAL_CORP,REG-MW,PRIME_B,690,Good (680-739)
665,CUST-00665,Olivia Johnson,RETAIL_CONSUMER,REG-MW,PRIME_B,690,Good (680-739)
666,CUST-00666,James Garcia,RETAIL_MORTGAGE,REG-NE,PRIME_A,760,Excellent (740+)
667,CUST-00667,Ava Brown,RETAIL_MORTGAGE,REG-MW,NEAR_PRIME,658,Fair (620-679)
668,CUST-00668,James Miller,RETAIL_MORTGAGE,REG-MW,PRIME_A,760,Excellent (740+)
669,CUST-00669,Ava Rodriguez,RETAIL_MORTGAGE,REG-WE,NEAR_PRIME,664,Fair (620-679)
670,CUST-00670,Pinnacle Technologies LLC,COMMERCIAL_SME,REG-WE,PRIME_A,786,Excellent (740+)
671,CUST-00671,Horizon Enterprises LLC,COMMERCIAL_SME,REG-SO,NEAR_PRIME,645,Fair (620-679)
672,CUST-00672,Mia Brown,RETAIL_MORTGAGE,REG-SO,PRIME_B,719,Good (680-739)
673,CUST-00673,Sophia Rodriguez,RETAIL_MORTGAGE,REG-WE,NEAR_PRIME,648,Fair (620-679)
674,CUST-00674,Emma Johnson,RETAIL_CONSUMER,REG-SO,SUBPRIME,596,Subprime (<620)
675,CUST-00675,Michael Smith,RETAIL_MORTGAGE,REG-MW,PRIME_B,710,Good (680-739)
676,CUST-00676,Daniel Martinez,RETAIL_MORTGAGE,REG-WE,PRIME_A,756,Excellent (740+)
677,CUST-00677,Apex Manufacturing LLC,COMMERCIAL_SME,REG-NE,NEAR_PRIME,662,Fair (620-679)
678,CUST-00678,Daniel Miller,RETAIL_CONSUMER,REG-SO,SUBPRIME,575,Subprime (<620)
679,CUST-00679,Horizon Logistics LLC,COMMERCIAL_CORP,REG-SO,PRIME_B,711,Good (680-739)
680,CUST-00680,Sophia Rodriguez,RETAIL_CONSUMER,REG-NE,SUBPRIME,576,Subprime (<620)
681,CUST-00681,Daniel Rodriguez,RETAIL_CONSUMER,REG-MW,NEAR_PRIME,665,Fair (620-679)
682,CUST-00682,Emma Williams,RETAIL_CONSUMER,REG-WE,PRIME_B,704,Good (680-739)
683,CUST-00683,Daniel Martinez,RETAIL_CONSUMER,REG-MW,NEAR_PRIME,637,Fair (620-679)
684,CUST-00684,Atlas Capital LLC,COMMERCIAL_SME,REG-SO,PRIME_B,734,Good (680-739)
685,CUST-00685,Atlas Properties LLC,COMMERCIAL_SME,REG-MW,PRIME_B,688,Good (680-739)
686,CUST-00686,Sterling Logistics LLC,COMMERCIAL_CORP,REG-SO,PRIME_A,758,Excellent (740+)
687,CUST-00687,Vanguard Manufacturing LLC,COMMERCIAL_SME,REG-SO,PRIME_B,725,Good (680-739)
688,CUST-00688,Beacon Logistics LLC,COMMERCIAL_SME,REG-MW,PRIME_B,712,Good (680-739)
689,CUST-00689,Vanguard Properties LLC,COMMERCIAL_SME,REG-MW,PRIME_B,727,Good (680-739)
690,CUST-00690,Ava Williams,RETAIL_CONSUMER,REG-SO,NEAR_PRIME,665,Fair (620-679)
691,CUST-00691,Mia Jones,RETAIL_CONSUMER,REG-NE,PRIME_A,796,Excellent (740+)
692,CUST-00692,Olivia Miller,RETAIL_MORTGAGE,REG-SO,PRIME_B,715,Good (680-739)
693,CUST-00693,Mia Smith,RETAIL_MORTGAGE,REG-MW,NEAR_PRIME,633,Fair (620-679)
694,CUST-00694,Nexus Manufacturing LLC,COMMERCIAL_SME,REG-MW,NEAR_PRIME,672,Fair (620-679)
695,CUST-00695,Mia Martinez,RETAIL_MORTGAGE,REG-WE,NEAR_PRIME,647,Fair (620-679)
696,CUST-00696,Titan Logistics LLC,COMMERCIAL_CORP,REG-NE,PRIME_B,719,Good (680-739)
697,CUST-00697,Summit Technologies LLC,COMMERCIAL_SME,REG-WE,PRIME_B,690,Good (680-739)
698,CUST-00698,Sophia Johnson,RETAIL_CONSUMER,REG-MW,PRIME_B,694,Good (680-739)
699,CUST-00699,Emma Miller,RETAIL_CONSUMER,REG-NE,NEAR_PRIME,640,Fair (620-679)
700,CUST-00700,Summit Enterprises LLC,COMMERCIAL_CORP,REG-SO,PRIME_B,739,Good (680-739)
701,CUST-00701,Ava Smith,RETAIL_CONSUMER,REG-MW,PRIME_B,728,Good (680-739)
702,CUST-00702,Emma Smith,RETAIL_CONSUMER,REG-NE,NEAR_PRIME,669,Fair (620-679)
703,CUST-00703,Apex Enterprises LLC,COMMERCIAL_CORP,REG-SO,PRIME_B,712,Good (680-739)
704,CUST-00704,Vanguard Properties LLC,COMMERCIAL_SME,REG-MW,PRIME_B,699,Good (680-739)
705,CUST-00705,Alexander Martinez,RETAIL_MORTGAGE,REG-NE,PRIME_A,750,Excellent (740+)
706,CUST-00706,Apex Retail LLC,COMMERCIAL_SME,REG-SO,PRIME_B,689,Good (680-739)
707,CUST-00707,Nexus Holdings LLC,COMMERCIAL_SME,REG-SO,PRIME_A,809,Excellent (740+)
708,CUST-00708,Nexus Retail LLC,COMMERCIAL_SME,REG-NE,PRIME_B,730,Good (680-739)
709,CUST-00709,Horizon Logistics LLC,COMMERCIAL_SME,REG-WE,PRIME_A,818,Excellent (740+)
710,CUST-00710,Olivia Garcia,RETAIL_CONSUMER,REG-NE,PRIME_B,723,Good (680-739)
711,CUST-00711,James Jones,RETAIL_MORTGAGE,REG-SO,PRIME_A,781,Excellent (740+)
712,CUST-00712,Sophia Williams,RETAIL_CONSUMER,REG-SO,SUBPRIME,602,Subprime (<620)
713,CUST-00713,Horizon Manufacturing LLC,COMMERCIAL_CORP,REG-WE,NEAR_PRIME,669,Fair (620-679)
714,CUST-00714,Daniel Williams,RETAIL_CONSUMER,REG-WE,PRIME_B,728,Good (680-739)
715,CUST-00715,Michael Jones,RETAIL_CONSUMER,REG-MW,NEAR_PRIME,641,Fair (620-679)
716,CUST-00716,Mia Williams,RETAIL_MORTGAGE,REG-MW,SUBPRIME,571,Subprime (<620)
717,CUST-00717,Michael Garcia,RETAIL_MORTGAGE,REG-NE,PRIME_B,707,Good (680-739)
718,CUST-00718,William Davis,RETAIL_MORTGAGE,REG-WE,NEAR_PRIME,661,Fair (620-679)
719,CUST-00719,Michael Brown,RETAIL_CONSUMER,REG-SO,PRIME_B,720,Good (680-739)
720,CUST-00720,Sterling Manufacturing LLC,COMMERCIAL_SME,REG-MW,PRIME_B,737,Good (680-739)
721,CUST-00721,Summit Retail LLC,COMMERCIAL_CORP,REG-WE,PRIME_B,709,Good (680-739)
722,CUST-00722,Vanguard Logistics LLC,COMMERCIAL_CORP,REG-MW,NEAR_PRIME,677,Fair (620-679)
723,CUST-00723,Sophia Brown,RETAIL_MORTGAGE,REG-WE,PRIME_B,691,Good (680-739)
724,CUST-00724,Olivia Davis,RETAIL_MORTGAGE,REG-WE,NEAR_PRIME,667,Fair (620-679)
725,CUST-00725,Olivia Miller,RETAIL_MORTGAGE,REG-WE,SUBPRIME,614,Subprime (<620)
726,CUST-00726,Daniel Johnson,RETAIL_MORTGAGE,REG-NE,NEAR_PRIME,626,Fair (620-679)
727,CUST-00727,Horizon Capital LLC,COMMERCIAL_CORP,REG-MW,PRIME_B,732,Good (680-739)
728,CUST-00728,William Davis,RETAIL_MORTGAGE,REG-MW,PRIME_B,688,Good (680-739)
729,CUST-00729,Michael Miller,RETAIL_MORTGAGE,REG-WE,NEAR_PRIME,652,Fair (620-679)
730,CUST-00730,Emma Rodriguez,RETAIL_CONSUMER,REG-WE,PRIME_A,819,Excellent (740+)
731,CUST-00731,Alexander Miller,RETAIL_MORTGAGE,REG-MW,PRIME_B,683,Good (680-739)
732,CUST-00732,Emma Jones,RETAIL_MORTGAGE,REG-WE,PRIME_B,702,Good (680-739)
733,CUST-00733,Emma Johnson,RETAIL_CONSUMER,REG-MW,PRIME_B,739,Good (680-739)
734,CUST-00734,Atlas Capital LLC,COMMERCIAL_SME,REG-MW,PRIME_A,752,Excellent (740+)
735,CUST-00735,Summit Technologies LLC,COMMERCIAL_SME,REG-MW,PRIME_A,750,Excellent (740+)
736,CUST-00736,William Williams,RETAIL_MORTGAGE,REG-WE,PRIME_A,775,Excellent (740+)
737,CUST-00737,Apex Retail LLC,COMMERCIAL_SME,REG-SO,NEAR_PRIME,667,Fair (620-679)
738,CUST-00738,Mia Davis,RETAIL_CONSUMER,REG-MW,PRIME_B,691,Good (680-739)
739,CUST-00739,Sophia Rodriguez,RETAIL_CONSUMER,REG-NE,NEAR_PRIME,675,Fair (620-679)
740,CUST-00740,Nexus Logistics LLC,COMMERCIAL_SME,REG-NE,PRIME_A,782,Excellent (740+)
741,CUST-00741,Olivia Johnson,RETAIL_CONSUMER,REG-SO,PRIME_A,749,Excellent (740+)
742,CUST-00742,Ava Martinez,RETAIL_CONSUMER,REG-MW,PRIME_B,708,Good (680-739)
743,CUST-00743,Olivia Miller,RETAIL_MORTGAGE,REG-SO,PRIME_B,733,Good (680-739)
744,CUST-00744,William Garcia,RETAIL_CONSUMER,REG-NE,SUBPRIME,598,Subprime (<620)
745,CUST-00745,Emma Martinez,RETAIL_CONSUMER,REG-NE,NEAR_PRIME,679,Fair (620-679)
746,CUST-00746,Alexander Martinez,RETAIL_CONSUMER,REG-SO,SUBPRIME,606,Subprime (<620)
747,CUST-00747,Michael Martinez,RETAIL_CONSUMER,REG-SO,NEAR_PRIME,622,Fair (620-679)
748,CUST-00748,Pinnacle Manufacturing LLC,COMMERCIAL_SME,REG-MW,PRIME_B,699,Good (680-739)
749,CUST-00749,Sophia Martinez,RETAIL_CONSUMER,REG-NE,PRIME_A,752,Excellent (740+)
750,CUST-00750,Sophia Jones,RETAIL_CONSUMER,REG-NE,PRIME_B,689,Good (680-739)
751,CUST-00751,Apex Holdings LLC,COMMERCIAL_SME,REG-SO,PRIME_B,703,Good (680-739)
752,CUST-00752,Vanguard Enterprises LLC,COMMERCIAL_CORP,REG-MW,PRIME_B,682,Good (680-739)
753,CUST-00753,James Williams,RETAIL_CONSUMER,REG-WE,SUBPRIME,606,Subprime (<620)
754,CUST-00754,Apex Properties LLC,COMMERCIAL_SME,REG-WE,PRIME_B,727,Good (680-739)
755,CUST-00755,Sophia Martinez,RETAIL_CONSUMER,REG-NE,NEAR_PRIME,647,Fair (620-679)
756,CUST-00756,James Garcia,RETAIL_MORTGAGE,REG-SO,SUBPRIME,591,Subprime (<620)
757,CUST-00757,Michael Martinez,RETAIL_MORTGAGE,REG-WE,PRIME_A,767,Excellent (740+)
758,CUST-00758,Alexander Johnson,RETAIL_CONSUMER,REG-SO,PRIME_A,760,Excellent (740+)
759,CUST-00759,Sophia Rodriguez,RETAIL_CONSUMER,REG-SO,PRIME_B,680,Good (680-739)
760,CUST-00760,Daniel Smith,RETAIL_MORTGAGE,REG-WE,PRIME_B,717,Good (680-739)
761,CUST-00761,Titan Properties LLC,COMMERCIAL_SME,REG-SO,PRIME_B,723,Good (680-739)
762,CUST-00762,Sophia Smith,RETAIL_MORTGAGE,REG-MW,NEAR_PRIME,657,Fair (620-679)
763,CUST-00763,William Smith,RETAIL_CONSUMER,REG-NE,NEAR_PRIME,658,Fair (620-679)
764,CUST-00764,Apex Properties LLC,COMMERCIAL_CORP,REG-SO,NEAR_PRIME,664,Fair (620-679)
765,CUST-00765,Pinnacle Enterprises LLC,COMMERCIAL_SME,REG-SO,PRIME_B,729,Good (680-739)
766,CUST-00766,Vanguard Enterprises LLC,COMMERCIAL_CORP,REG-NE,NEAR_PRIME,653,Fair (620-679)
767,CUST-00767,Mia Brown,RETAIL_MORTGAGE,REG-SO,PRIME_B,714,Good (680-739)
768,CUST-00768,Titan Logistics LLC,COMMERCIAL_CORP,REG-NE,PRIME_A,754,Excellent (740+)
769,CUST-00769,Mia Martinez,RETAIL_CONSUMER,REG-MW,NEAR_PRIME,626,Fair (620-679)
770,CUST-00770,Horizon Holdings LLC,COMMERCIAL_SME,REG-MW,NEAR_PRIME,669,Fair (620-679)
771,CUST-00771,Emma Davis,RETAIL_CONSUMER,REG-MW,PRIME_B,732,Good (680-739)
772,CUST-00772,Michael Martinez,RETAIL_CONSUMER,REG-MW,PRIME_B,719,Good (680-739)
773,CUST-00773,Nexus Retail LLC,COMMERCIAL_SME,REG-SO,PRIME_B,703,Good (680-739)
774,CUST-00774,Olivia Martinez,RETAIL_MORTGAGE,REG-SO,PRIME_B,691,Good (680-739)
775,CUST-00775,Olivia Rodriguez,RETAIL_CONSUMER,REG-NE,NEAR_PRIME,627,Fair (620-679)
776,CUST-00776,Daniel Williams,RETAIL_CONSUMER,REG-MW,SUBPRIME,604,Subprime (<620)
777,CUST-00777,Atlas Enterprises LLC,COMMERCIAL_SME,REG-WE,PRIME_B,688,Good (680-739)
778,CUST-00778,Emma Martinez,RETAIL_MORTGAGE,REG-WE,NEAR_PRIME,677,Fair (620-679)
779,CUST-00779,Summit Properties LLC,COMMERCIAL_CORP,REG-WE,PRIME_B,736,Good (680-739)
780,CUST-00780,Olivia Davis,RETAIL_MORTGAGE,REG-WE,PRIME_B,683,Good (680-739)
781,CUST-00781,Sterling Logistics LLC,COMMERCIAL_SME,REG-MW,PRIME_B,722,Good (680-739)
782,CUST-00782,Sophia Brown,RETAIL_CONSUMER,REG-WE,SUBPRIME,601,Subprime (<620)
783,CUST-00783,Alexander Garcia,RETAIL_CONSUMER,REG-SO,PRIME_A,769,Excellent (740+)
784,CUST-00784,James Garcia,RETAIL_MORTGAGE,REG-SO,PRIME_B,685,Good (680-739)
785,CUST-00785,Beacon Properties LLC,COMMERCIAL_CORP,REG-SO,PRIME_A,741,Excellent (740+)
786,CUST-00786,Atlas Capital LLC,COMMERCIAL_SME,REG-WE,PRIME_B,695,Good (680-739)
787,CUST-00787,Vanguard Capital LLC,COMMERCIAL_SME,REG-MW,PRIME_A,743,Excellent (740+)
788,CUST-00788,Michael Smith,RETAIL_MORTGAGE,REG-MW,NEAR_PRIME,642,Fair (620-679)
789,CUST-00789,Alexander Williams,RETAIL_CONSUMER,REG-WE,PRIME_A,764,Excellent (740+)
790,CUST-00790,Mia Williams,RETAIL_MORTGAGE,REG-WE,PRIME_B,733,Good (680-739)
791,CUST-00791,Olivia Brown,RETAIL_MORTGAGE,REG-WE,PRIME_B,722,Good (680-739)
792,CUST-00792,Atlas Enterprises LLC,COMMERCIAL_SME,REG-SO,PRIME_A,776,Excellent (740+)
793,CUST-00793,Emma Martinez,RETAIL_CONSUMER,REG-SO,SUBPRIME,598,Subprime (<620)
794,CUST-00794,Ava Rodriguez,RETAIL_MORTGAGE,REG-SO,PRIME_B,700,Good (680-739)
795,CUST-00795,Beacon Properties LLC,COMMERCIAL_CORP,REG-WE,NEAR_PRIME,646,Fair (620-679)
796,CUST-00796,Mia Garcia,RETAIL_CONSUMER,REG-WE,SUBPRIME,605,Subprime (<620)
797,CUST-00797,Michael Smith,RETAIL_MORTGAGE,REG-SO,NEAR_PRIME,662,Fair (620-679)
798,CUST-00798,Sterling Technologies LLC,COMMERCIAL_SME,REG-WE,NEAR_PRIME,662,Fair (620-679)
799,CUST-00799,Pinnacle Retail LLC,COMMERCIAL_SME,REG-NE,PRIME_A,766,Excellent (740+)
800,CUST-00800,Pinnacle Properties LLC,COMMERCIAL_CORP,REG-SO,PRIME_A,746,Excellent (740+)
801,CUST-00801,Titan Enterprises LLC,COMMERCIAL_SME,REG-MW,PRIME_B,732,Good (680-739)
802,CUST-00802,Olivia Johnson,RETAIL_MORTGAGE,REG-NE,NEAR_PRIME,646,Fair (620-679)
803,CUST-00803,Alexander Miller,RETAIL_MORTGAGE,REG-WE,PRIME_B,694,Good (680-739)
804,CUST-00804,James Jones,RETAIL_CONSUMER,REG-SO,PRIME_A,754,Excellent (740+)
805,CUST-00805,Titan Properties LLC,COMMERCIAL_SME,REG-WE,SUBPRIME,611,Subprime (<620)
806,CUST-00806,Ava Jones,RETAIL_CONSUMER,REG-WE,PRIME_B,711,Good (680-739)
807,CUST-00807,Atlas Enterprises LLC,COMMERCIAL_CORP,REG-WE,PRIME_A,786,Excellent (740+)
808,CUST-00808,Mia Jones,RETAIL_CONSUMER,REG-WE,NEAR_PRIME,668,Fair (620-679)
809,CUST-00809,Titan Manufacturing LLC,COMMERCIAL_CORP,REG-WE,PRIME_B,714,Good (680-739)
810,CUST-00810,Olivia Rodriguez,RETAIL_CONSUMER,REG-MW,SUBPRIME,610,Subprime (<620)
811,CUST-00811,Beacon Holdings LLC,COMMERCIAL_CORP,REG-WE,PRIME_B,703,Good (680-739)
812,CUST-00812,Apex Manufacturing LLC,COMMERCIAL_CORP,REG-NE,PRIME_B,681,Good (680-739)
813,CUST-00813,Emma Martinez,RETAIL_CONSUMER,REG-NE,PRIME_A,750,Excellent (740+)
814,CUST-00814,Michael Jones,RETAIL_MORTGAGE,REG-NE,PRIME_A,753,Excellent (740+)
815,CUST-00815,Pinnacle Capital LLC,COMMERCIAL_CORP,REG-WE,PRIME_B,696,Good (680-739)
816,CUST-00816,James Miller,RETAIL_MORTGAGE,REG-SO,SUBPRIME,606,Subprime (<620)
817,CUST-00817,Summit Retail LLC,COMMERCIAL_SME,REG-SO,PRIME_A,833,Excellent (740+)
818,CUST-00818,Michael Rodriguez,RETAIL_CONSUMER,REG-NE,PRIME_A,760,Excellent (740+)
819,CUST-00819,William Johnson,RETAIL_CONSUMER,REG-WE,PRIME_B,712,Good (680-739)
820,CUST-00820,Summit Logistics LLC,COMMERCIAL_CORP,REG-WE,PRIME_B,723,Good (680-739)
821,CUST-00821,Atlas Logistics LLC,COMMERCIAL_SME,REG-SO,SUBPRIME,613,Subprime (<620)
822,CUST-00822,Daniel Brown,RETAIL_MORTGAGE,REG-NE,NEAR_PRIME,676,Fair (620-679)
823,CUST-00823,Emma Martinez,RETAIL_MORTGAGE,REG-WE,SUBPRIME,520,Subprime (<620)
824,CUST-00824,Nexus Enterprises LLC,COMMERCIAL_CORP,REG-NE,PRIME_B,689,Good (680-739)
825,CUST-00825,Michael Rodriguez,RETAIL_MORTGAGE,REG-MW,PRIME_A,747,Excellent (740+)
826,CUST-00826,Ava Johnson,RETAIL_MORTGAGE,REG-SO,PRIME_B,704,Good (680-739)
827,CUST-00827,Vanguard Logistics LLC,COMMERCIAL_SME,REG-NE,PRIME_B,708,Good (680-739)
828,CUST-00828,Ava Rodriguez,RETAIL_CONSUMER,REG-SO,SUBPRIME,611,Subprime (<620)
829,CUST-00829,James Garcia,RETAIL_MORTGAGE,REG-NE,PRIME_A,789,Excellent (740+)
830,CUST-00830,Daniel Williams,RETAIL_MORTGAGE,REG-WE,PRIME_B,726,Good (680-739)
831,CUST-00831,Titan Logistics LLC,COMMERCIAL_CORP,REG-MW,NEAR_PRIME,620,Fair (620-679)
832,CUST-00832,Apex Properties LLC,COMMERCIAL_CORP,REG-MW,PRIME_B,738,Good (680-739)
833,CUST-00833,Emma Johnson,RETAIL_CONSUMER,REG-NE,SUBPRIME,582,Subprime (<620)
834,CUST-00834,Olivia Johnson,RETAIL_CONSUMER,REG-WE,PRIME_B,691,Good (680-739)
835,CUST-00835,Apex Technologies LLC,COMMERCIAL_CORP,REG-MW,PRIME_B,708,Good (680-739)
836,CUST-00836,Ava Brown,RETAIL_CONSUMER,REG-MW,PRIME_B,716,Good (680-739)
837,CUST-00837,Summit Logistics LLC,COMMERCIAL_CORP,REG-WE,PRIME_B,733,Good (680-739)
838,CUST-00838,Alexander Davis,RETAIL_CONSUMER,REG-SO,NEAR_PRIME,673,Fair (620-679)
839,CUST-00839,Alexander Brown,RETAIL_CONSUMER,REG-WE,PRIME_A,766,Excellent (740+)
840,CUST-00840,William Garcia,RETAIL_CONSUMER,REG-NE,NEAR_PRIME,658,Fair (620-679)
841,CUST-00841,Sterling Enterprises LLC,COMMERCIAL_SME,REG-NE,PRIME_A,806,Excellent (740+)
842,CUST-00842,William Smith,RETAIL_CONSUMER,REG-MW,SUBPRIME,555,Subprime (<620)
843,CUST-00843,Ava Williams,RETAIL_CONSUMER,REG-WE,PRIME_A,762,Excellent (740+)
844,CUST-00844,Nexus Retail LLC,COMMERCIAL_SME,REG-SO,PRIME_A,805,Excellent (740+)
845,CUST-00845,Michael Smith,RETAIL_MORTGAGE,REG-MW,NEAR_PRIME,660,Fair (620-679)
846,CUST-00846,Alexander Brown,RETAIL_CONSUMER,REG-SO,PRIME_B,692,Good (680-739)
847,CUST-00847,Nexus Manufacturing LLC,COMMERCIAL_SME,REG-NE,PRIME_A,780,Excellent (740+)
848,CUST-00848,Sterling Retail LLC,COMMERCIAL_SME,REG-WE,PRIME_A,762,Excellent (740+)
849,CUST-00849,Summit Capital LLC,COMMERCIAL_SME,REG-WE,PRIME_B,685,Good (680-739)
850,CUST-00850,Summit Logistics LLC,COMMERCIAL_SME,REG-SO,PRIME_A,755,Excellent (740+)
851,CUST-00851,Titan Capital LLC,COMMERCIAL_CORP,REG-WE,PRIME_B,739,Good (680-739)
852,CUST-00852,Mia Rodriguez,RETAIL_MORTGAGE,REG-MW,PRIME_B,738,Good (680-739)
853,CUST-00853,Sophia Martinez,RETAIL_MORTGAGE,REG-WE,NEAR_PRIME,624,Fair (620-679)
854,CUST-00854,Olivia Miller,RETAIL_MORTGAGE,REG-MW,PRIME_B,701,Good (680-739)
855,CUST-00855,Mia Smith,RETAIL_CONSUMER,REG-MW,NEAR_PRIME,674,Fair (620-679)
856,CUST-00856,Daniel Miller,RETAIL_CONSUMER,REG-WE,PRIME_B,698,Good (680-739)
857,CUST-00857,Ava Brown,RETAIL_MORTGAGE,REG-WE,PRIME_A,776,Excellent (740+)
858,CUST-00858,Pinnacle Manufacturing LLC,COMMERCIAL_SME,REG-SO,PRIME_A,757,Excellent (740+)
859,CUST-00859,Michael Davis,RETAIL_CONSUMER,REG-SO,PRIME_A,752,Excellent (740+)
860,CUST-00860,Michael Garcia,RETAIL_MORTGAGE,REG-WE,SUBPRIME,612,Subprime (<620)
861,CUST-00861,Atlas Enterprises LLC,COMMERCIAL_CORP,REG-NE,PRIME_B,682,Good (680-739)
862,CUST-00862,Emma Martinez,RETAIL_CONSUMER,REG-MW,PRIME_B,680,Good (680-739)
863,CUST-00863,Apex Holdings LLC,COMMERCIAL_CORP,REG-SO,PRIME_B,682,Good (680-739)
864,CUST-00864,Daniel Brown,RETAIL_CONSUMER,REG-NE,PRIME_B,735,Good (680-739)
865,CUST-00865,Mia Brown,RETAIL_CONSUMER,REG-WE,PRIME_B,692,Good (680-739)
866,CUST-00866,William Smith,RETAIL_CONSUMER,REG-WE,SUBPRIME,588,Subprime (<620)
867,CUST-00867,Ava Rodriguez,RETAIL_CONSUMER,REG-NE,NEAR_PRIME,657,Fair (620-679)
868,CUST-00868,Sophia Davis,RETAIL_MORTGAGE,REG-NE,NEAR_PRIME,623,Fair (620-679)
869,CUST-00869,Beacon Technologies LLC,COMMERCIAL_SME,REG-NE,PRIME_B,708,Good (680-739)
870,CUST-00870,William Miller,RETAIL_CONSUMER,REG-NE,PRIME_A,781,Excellent (740+)
871,CUST-00871,Atlas Retail LLC,COMMERCIAL_CORP,REG-SO,PRIME_B,719,Good (680-739)
872,CUST-00872,Alexander Martinez,RETAIL_MORTGAGE,REG-SO,NEAR_PRIME,677,Fair (620-679)
873,CUST-00873,Titan Properties LLC,COMMERCIAL_SME,REG-WE,NEAR_PRIME,632,Fair (620-679)
874,CUST-00874,Pinnacle Logistics LLC,COMMERCIAL_SME,REG-SO,PRIME_B,680,Good (680-739)
875,CUST-00875,Daniel Jones,RETAIL_MORTGAGE,REG-MW,PRIME_B,705,Good (680-739)
876,CUST-00876,Sophia Johnson,RETAIL_MORTGAGE,REG-MW,PRIME_B,723,Good (680-739)
877,CUST-00877,Nexus Technologies LLC,COMMERCIAL_CORP,REG-SO,PRIME_B,739,Good (680-739)
878,CUST-00878,Horizon Technologies LLC,COMMERCIAL_CORP,REG-WE,PRIME_A,787,Excellent (740+)
879,CUST-00879,Summit Retail LLC,COMMERCIAL_CORP,REG-WE,PRIME_A,743,Excellent (740+)
880,CUST-00880,Ava Jones,RETAIL_CONSUMER,REG-SO,NEAR_PRIME,674,Fair (620-679)
881,CUST-00881,Mia Davis,RETAIL_MORTGAGE,REG-MW,NEAR_PRIME,674,Fair (620-679)
882,CUST-00882,William Smith,RETAIL_CONSUMER,REG-NE,PRIME_B,714,Good (680-739)
883,CUST-00883,Olivia Smith,RETAIL_CONSUMER,REG-NE,NEAR_PRIME,659,Fair (620-679)
884,CUST-00884,James Johnson,RETAIL_MORTGAGE,REG-MW,NEAR_PRIME,665,Fair (620-679)
885,CUST-00885,Daniel Miller,RETAIL_CONSUMER,REG-NE,PRIME_B,707,Good (680-739)
886,CUST-00886,Alexander Williams,RETAIL_MORTGAGE,REG-SO,PRIME_B,739,Good (680-739)
887,CUST-00887,Pinnacle Enterprises LLC,COMMERCIAL_SME,REG-NE,NEAR_PRIME,646,Fair (620-679)
888,CUST-00888,Alexander Davis,RETAIL_CONSUMER,REG-WE,PRIME_A,822,Excellent (740+)
889,CUST-00889,Alexander Williams,RETAIL_MORTGAGE,REG-WE,PRIME_B,731,Good (680-739)
890,CUST-00890,Emma Martinez,RETAIL_MORTGAGE,REG-SO,NEAR_PRIME,620,Fair (620-679)
891,CUST-00891,Alexander Williams,RETAIL_CONSUMER,REG-SO,SUBPRIME,601,Subprime (<620)
892,CUST-00892,Pinnacle Retail LLC,COMMERCIAL_SME,REG-WE,PRIME_B,695,Good (680-739)
893,CUST-00893,Ava Rodriguez,RETAIL_MORTGAGE,REG-SO,PRIME_B,687,Good (680-739)
894,CUST-00894,Beacon Properties LLC,COMMERCIAL_SME,REG-WE,PRIME_B,687,Good (680-739)
895,CUST-00895,James Johnson,RETAIL_CONSUMER,REG-MW,PRIME_B,696,Good (680-739)
896,CUST-00896,Sterling Capital LLC,COMMERCIAL_SME,REG-WE,NEAR_PRIME,667,Fair (620-679)
897,CUST-00897,Olivia Rodriguez,RETAIL_CONSUMER,REG-NE,PRIME_B,688,Good (680-739)
898,CUST-00898,Summit Enterprises LLC,COMMERCIAL_CORP,REG-WE,PRIME_B,711,Good (680-739)
899,CUST-00899,James Jones,RETAIL_CONSUMER,REG-SO,NEAR_PRIME,667,Fair (620-679)
900,CUST-00900,Mia Williams,RETAIL_CONSUMER,REG-NE,PRIME_A,772,Excellent (740+)
901,CUST-00901,William Garcia,RETAIL_MORTGAGE,REG-SO,PRIME_A,755,Excellent (740+)
902,CUST-00902,Ava Miller,RETAIL_CONSUMER,REG-SO,PRIME_B,734,Good (680-739)
903,CUST-00903,Horizon Manufacturing LLC,COMMERCIAL_CORP,REG-MW,PRIME_A,759,Excellent (740+)
904,CUST-00904,Alexander Davis,RETAIL_MORTGAGE,REG-NE,SUBPRIME,596,Subprime (<620)
905,CUST-00905,Titan Enterprises LLC,COMMERCIAL_CORP,REG-NE,PRIME_B,703,Good (680-739)
906,CUST-00906,Michael Jones,RETAIL_CONSUMER,REG-SO,PRIME_A,742,Excellent (740+)
907,CUST-00907,Vanguard Properties LLC,COMMERCIAL_SME,REG-MW,PRIME_B,736,Good (680-739)
908,CUST-00908,James Davis,RETAIL_MORTGAGE,REG-NE,PRIME_B,712,Good (680-739)
909,CUST-00909,Titan Holdings LLC,COMMERCIAL_CORP,REG-NE,PRIME_B,731,Good (680-739)
910,CUST-00910,Sterling Manufacturing LLC,COMMERCIAL_CORP,REG-NE,PRIME_B,712,Good (680-739)
911,CUST-00911,Emma Williams,RETAIL_CONSUMER,REG-NE,PRIME_A,771,Excellent (740+)
912,CUST-00912,Horizon Holdings LLC,COMMERCIAL_SME,REG-MW,NEAR_PRIME,631,Fair (620-679)
913,CUST-00913,Vanguard Properties LLC,COMMERCIAL_CORP,REG-MW,PRIME_A,755,Excellent (740+)
914,CUST-00914,Olivia Martinez,RETAIL_MORTGAGE,REG-WE,PRIME_A,778,Excellent (740+)
915,CUST-00915,Atlas Capital LLC,COMMERCIAL_CORP,REG-SO,PRIME_B,727,Good (680-739)
916,CUST-00916,Horizon Technologies LLC,COMMERCIAL_CORP,REG-NE,PRIME_A,751,Excellent (740+)
917,CUST-00917,Beacon Enterprises LLC,COMMERCIAL_SME,REG-NE,NEAR_PRIME,675,Fair (620-679)
918,CUST-00918,Sophia Rodriguez,RETAIL_CONSUMER,REG-WE,PRIME_B,692,Good (680-739)
919,CUST-00919,Ava Garcia,RETAIL_CONSUMER,REG-NE,PRIME_A,784,Excellent (740+)
920,CUST-00920,Emma Williams,RETAIL_CONSUMER,REG-NE,PRIME_A,840,Excellent (740+)
921,CUST-00921,Emma Garcia,RETAIL_MORTGAGE,REG-MW,PRIME_A,743,Excellent (740+)
922,CUST-00922,Titan Properties LLC,COMMERCIAL_CORP,REG-WE,PRIME_B,713,Good (680-739)
923,CUST-00923,Olivia Davis,RETAIL_CONSUMER,REG-WE,SUBPRIME,616,Subprime (<620)
924,CUST-00924,Beacon Holdings LLC,COMMERCIAL_CORP,REG-WE,NEAR_PRIME,624,Fair (620-679)
925,CUST-00925,James Johnson,RETAIL_CONSUMER,REG-MW,PRIME_B,681,Good (680-739)
926,CUST-00926,Summit Properties LLC,COMMERCIAL_SME,REG-SO,NEAR_PRIME,635,Fair (620-679)
927,CUST-00927,Titan Manufacturing LLC,COMMERCIAL_CORP,REG-WE,PRIME_B,705,Good (680-739)
928,CUST-00928,James Miller,RETAIL_MORTGAGE,REG-NE,PRIME_A,757,Excellent (740+)
929,CUST-00929,Ava Davis,RETAIL_CONSUMER,REG-WE,PRIME_B,726,Good (680-739)
930,CUST-00930,Ava Miller,RETAIL_MORTGAGE,REG-MW,PRIME_B,698,Good (680-739)
931,CUST-00931,Mia Davis,RETAIL_CONSUMER,REG-NE,NEAR_PRIME,641,Fair (620-679)
932,CUST-00932,Alexander Jones,RETAIL_MORTGAGE,REG-NE,SUBPRIME,612,Subprime (<620)
933,CUST-00933,William Garcia,RETAIL_CONSUMER,REG-SO,PRIME_A,764,Excellent (740+)
934,CUST-00934,Olivia Miller,RETAIL_MORTGAGE,REG-NE,PRIME_B,720,Good (680-739)
935,CUST-00935,Apex Manufacturing LLC,COMMERCIAL_SME,REG-SO,PRIME_B,720,Good (680-739)
936,CUST-00936,Beacon Enterprises LLC,COMMERCIAL_CORP,REG-SO,PRIME_A,785,Excellent (740+)
937,CUST-00937,Sterling Capital LLC,COMMERCIAL_CORP,REG-WE,PRIME_B,712,Good (680-739)
938,CUST-00938,Nexus Holdings LLC,COMMERCIAL_SME,REG-WE,PRIME_A,789,Excellent (740+)
939,CUST-00939,Ava Rodriguez,RETAIL_CONSUMER,REG-SO,PRIME_B,723,Good (680-739)
940,CUST-00940,Ava Johnson,RETAIL_MORTGAGE,REG-MW,SUBPRIME,607,Subprime (<620)
941,CUST-00941,Pinnacle Capital LLC,COMMERCIAL_SME,REG-NE,PRIME_A,741,Excellent (740+)
942,CUST-00942,William Johnson,RETAIL_CONSUMER,REG-SO,SUBPRIME,610,Subprime (<620)
943,CUST-00943,Emma Jones,RETAIL_CONSUMER,REG-SO,NEAR_PRIME,639,Fair (620-679)
944,CUST-00944,Mia Rodriguez,RETAIL_CONSUMER,REG-SO,PRIME_B,688,Good (680-739)
945,CUST-00945,Horizon Technologies LLC,COMMERCIAL_SME,REG-NE,PRIME_B,692,Good (680-739)
946,CUST-00946,Mia Smith,RETAIL_CONSUMER,REG-WE,NEAR_PRIME,670,Fair (620-679)
947,CUST-00947,Pinnacle Capital LLC,COMMERCIAL_CORP,REG-MW,NEAR_PRIME,644,Fair (620-679)
948,CUST-00948,William Williams,RETAIL_MORTGAGE,REG-SO,PRIME_A,753,Excellent (740+)
949,CUST-00949,Michael Brown,RETAIL_CONSUMER,REG-NE,PRIME_A,795,Excellent (740+)
950,CUST-00950,James Brown,RETAIL_MORTGAGE,REG-WE,PRIME_B,708,Good (680-739)
951,CUST-00951,Horizon Technologies LLC,COMMERCIAL_SME,REG-SO,PRIME_B,711,Good (680-739)
952,CUST-00952,Nexus Properties LLC,COMMERCIAL_CORP,REG-NE,PRIME_B,709,Good (680-739)
953,CUST-00953,Emma Miller,RETAIL_CONSUMER,REG-SO,PRIME_A,780,Excellent (740+)
954,CUST-00954,Daniel Martinez,RETAIL_CONSUMER,REG-NE,NEAR_PRIME,656,Fair (620-679)
955,CUST-00955,Vanguard Holdings LLC,COMMERCIAL_SME,REG-NE,PRIME_B,725,Good (680-739)
956,CUST-00956,Alexander Brown,RETAIL_MORTGAGE,REG-MW,NEAR_PRIME,638,Fair (620-679)
957,CUST-00957,Alexander Jones,RETAIL_MORTGAGE,REG-WE,PRIME_B,703,Good (680-739)
958,CUST-00958,Titan Manufacturing LLC,COMMERCIAL_CORP,REG-WE,PRIME_B,708,Good (680-739)
959,CUST-00959,Ava Garcia,RETAIL_MORTGAGE,REG-SO,PRIME_B,695,Good (680-739)
960,CUST-00960,Sophia Jones,RETAIL_MORTGAGE,REG-NE,NEAR_PRIME,678,Fair (620-679)
961,CUST-00961,Emma Rodriguez,RETAIL_MORTGAGE,REG-SO,PRIME_A,769,Excellent (740+)
962,CUST-00962,Pinnacle Holdings LLC,COMMERCIAL_SME,REG-SO,NEAR_PRIME,654,Fair (620-679)
963,CUST-00963,Titan Enterprises LLC,COMMERCIAL_SME,REG-MW,PRIME_A,775,Excellent (740+)
964,CUST-00964,Ava Miller,RETAIL_MORTGAGE,REG-WE,SUBPRIME,619,Subprime (<620)
965,CUST-00965,Michael Jones,RETAIL_CONSUMER,REG-NE,NEAR_PRIME,634,Fair (620-679)
966,CUST-00966,James Smith,RETAIL_CONSUMER,REG-WE,PRIME_B,687,Good (680-739)
967,CUST-00967,James Miller,RETAIL_CONSUMER,REG-MW,PRIME_B,705,Good (680-739)
968,CUST-00968,Sterling Capital LLC,COMMERCIAL_SME,REG-MW,PRIME_A,756,Excellent (740+)
969,CUST-00969,William Williams,RETAIL_CONSUMER,REG-MW,NEAR_PRIME,646,Fair (620-679)
970,CUST-00970,Alexander Miller,RETAIL_CONSUMER,REG-MW,SUBPRIME,586,Subprime (<620)
971,CUST-00971,Horizon Manufacturing LLC,COMMERCIAL_SME,REG-NE,PRIME_A,821,Excellent (740+)
972,CUST-00972,Sterling Capital LLC,COMMERCIAL_SME,REG-WE,NEAR_PRIME,652,Fair (620-679)
973,CUST-00973,Mia Johnson,RETAIL_MORTGAGE,REG-MW,PRIME_A,763,Excellent (740+)
974,CUST-00974,Emma Brown,RETAIL_MORTGAGE,REG-WE,PRIME_B,696,Good (680-739)
975,CUST-00975,William Davis,RETAIL_MORTGAGE,REG-SO,NEAR_PRIME,642,Fair (620-679)
976,CUST-00976,Alexander Williams,RETAIL_MORTGAGE,REG-MW,PRIME_B,733,Good (680-739)
977,CUST-00977,Vanguard Retail LLC,COMMERCIAL_SME,REG-SO,PRIME_A,756,Excellent (740+)
978,CUST-00978,Nexus Capital LLC,COMMERCIAL_CORP,REG-MW,PRIME_B,696,Good (680-739)
979,CUST-00979,Emma Johnson,RETAIL_CONSUMER,REG-SO,NEAR_PRIME,671,Fair (620-679)
980,CUST-00980,Apex Properties LLC,COMMERCIAL_SME,REG-NE,PRIME_B,714,Good (680-739)
981,CUST-00981,Michael Rodriguez,RETAIL_MORTGAGE,REG-SO,PRIME_B,726,Good (680-739)
982,CUST-00982,Summit Holdings LLC,COMMERCIAL_SME,REG-WE,PRIME_B,727,Good (680-739)
983,CUST-00983,Nexus Logistics LLC,COMMERCIAL_CORP,REG-NE,PRIME_A,772,Excellent (740+)
984,CUST-00984,Pinnacle Properties LLC,COMMERCIAL_SME,REG-WE,PRIME_B,712,Good (680-739)
985,CUST-00985,Atlas Technologies LLC,COMMERCIAL_SME,REG-SO,NEAR_PRIME,661,Fair (620-679)
986,CUST-00986,James Brown,RETAIL_MORTGAGE,REG-WE,PRIME_A,840,Excellent (740+)
987,CUST-00987,Summit Retail LLC,COMMERCIAL_CORP,REG-SO,SUBPRIME,584,Subprime (<620)
988,CUST-00988,Titan Retail LLC,COMMERCIAL_SME,REG-WE,PRIME_A,777,Excellent (740+)
989,CUST-00989,Beacon Manufacturing LLC,COMMERCIAL_CORP,REG-SO,PRIME_B,739,Good (680-739)
990,CUST-00990,Sterling Logistics LLC,COMMERCIAL_SME,REG-MW,PRIME_B,699,Good (680-739)
991,CUST-00991,Sophia Davis,RETAIL_CONSUMER,REG-NE,NEAR_PRIME,634,Fair (620-679)
992,CUST-00992,Olivia Martinez,RETAIL_CONSUMER,REG-WE,SUBPRIME,577,Subprime (<620)
993,CUST-00993,Beacon Retail LLC,COMMERCIAL_SME,REG-NE,PRIME_A,752,Excellent (740+)
994,CUST-00994,Olivia Smith,RETAIL_CONSUMER,REG-NE,SUBPRIME,613,Subprime (<620)
995,CUST-00995,Vanguard Logistics LLC,COMMERCIAL_SME,REG-MW,PRIME_B,731,Good (680-739)
996,CUST-00996,Emma Miller,RETAIL_CONSUMER,REG-WE,NEAR_PRIME,643,Fair (620-679)
997,CUST-00997,Emma Smith,RETAIL_MORTGAGE,REG-WE,PRIME_B,711,Good (680-739)
998,CUST-00998,Emma Jones,RETAIL_MORTGAGE,REG-MW,NEAR_PRIME,661,Fair (620-679)
999,CUST-00999,Mia Williams,RETAIL_MORTGAGE,REG-SO,NEAR_PRIME,672,Fair (620-679)
1000,CUST-01000,Ava Jones,RETAIL_CONSUMER,REG-WE,PRIME_B,710,Good (680-739)
1001,CUST-01001,Mia Williams,RETAIL_MORTGAGE,REG-SO,NEAR_PRIME,632,Fair (620-679)
1002,CUST-01002,Michael Davis,RETAIL_CONSUMER,REG-MW,PRIME_B,715,Good (680-739)
1003,CUST-01003,Atlas Holdings LLC,COMMERCIAL_CORP,REG-WE,PRIME_A,762,Excellent (740+)
1004,CUST-01004,Daniel Miller,RETAIL_MORTGAGE,REG-MW,NEAR_PRIME,652,Fair (620-679)
1005,CUST-01005,Horizon Holdings LLC,COMMERCIAL_CORP,REG-NE,NEAR_PRIME,673,Fair (620-679)
1006,CUST-01006,William Martinez,RETAIL_MORTGAGE,REG-SO,PRIME_B,685,Good (680-739)
1007,CUST-01007,Summit Technologies LLC,COMMERCIAL_CORP,REG-WE,PRIME_B,727,Good (680-739)
1008,CUST-01008,Titan Properties LLC,COMMERCIAL_SME,REG-WE,PRIME_B,708,Good (680-739)
1009,CUST-01009,Michael Johnson,RETAIL_MORTGAGE,REG-MW,PRIME_B,688,Good (680-739)
1010,CUST-01010,Alexander Johnson,RETAIL_CONSUMER,REG-NE,SUBPRIME,608,Subprime (<620)
1011,CUST-01011,Mia Davis,RETAIL_CONSUMER,REG-WE,NEAR_PRIME,654,Fair (620-679)
1012,CUST-01012,William Johnson,RETAIL_MORTGAGE,REG-WE,PRIME_A,793,Excellent (740+)
1013,CUST-01013,Vanguard Logistics LLC,COMMERCIAL_CORP,REG-NE,PRIME_B,736,Good (680-739)
1014,CUST-01014,Emma Jones,RETAIL_CONSUMER,REG-MW,PRIME_A,773,Excellent (740+)
1015,CUST-01015,Michael Williams,RETAIL_CONSUMER,REG-NE,PRIME_B,685,Good (680-739)
1016,CUST-01016,Sophia Jones,RETAIL_CONSUMER,REG-MW,NEAR_PRIME,625,Fair (620-679)
1017,CUST-01017,Beacon Capital LLC,COMMERCIAL_CORP,REG-NE,PRIME_A,806,Excellent (740+)
1018,CUST-01018,James Davis,RETAIL_CONSUMER,REG-SO,NEAR_PRIME,675,Fair (620-679)
1019,CUST-01019,Sophia Smith,RETAIL_CONSUMER,REG-WE,NEAR_PRIME,628,Fair (620-679)
1020,CUST-01020,Ava Johnson,RETAIL_MORTGAGE,REG-WE,NEAR_PRIME,678,Fair (620-679)
1021,CUST-01021,Apex Technologies LLC,COMMERCIAL_SME,REG-WE,PRIME_B,713,Good (680-739)
1022,CUST-01022,Sterling Retail LLC,COMMERCIAL_SME,REG-SO,PRIME_A,748,Excellent (740+)
1023,CUST-01023,Olivia Davis,RETAIL_CONSUMER,REG-WE,PRIME_B,725,Good (680-739)
1024,CUST-01024,Michael Williams,RETAIL_CONSUMER,REG-WE,SUBPRIME,579,Subprime (<620)
1025,CUST-01025,Titan Properties LLC,COMMERCIAL_CORP,REG-WE,PRIME_B,725,Good (680-739)
1026,CUST-01026,Summit Logistics LLC,COMMERCIAL_SME,REG-MW,PRIME_A,777,Excellent (740+)
1027,CUST-01027,Beacon Manufacturing LLC,COMMERCIAL_CORP,REG-MW,SUBPRIME,580,Subprime (<620)
1028,CUST-01028,Michael Rodriguez,RETAIL_MORTGAGE,REG-SO,PRIME_B,706,Good (680-739)
1029,CUST-01029,Titan Holdings LLC,COMMERCIAL_CORP,REG-WE,PRIME_A,797,Excellent (740+)
1030,CUST-01030,Horizon Holdings LLC,COMMERCIAL_CORP,REG-NE,PRIME_B,707,Good (680-739)
1031,CUST-01031,Summit Properties LLC,COMMERCIAL_SME,REG-SO,PRIME_B,700,Good (680-739)
1032,CUST-01032,Nexus Technologies LLC,COMMERCIAL_SME,REG-SO,NEAR_PRIME,646,Fair (620-679)
1033,CUST-01033,Sophia Davis,RETAIL_MORTGAGE,REG-NE,NEAR_PRIME,651,Fair (620-679)
1034,CUST-01034,Sophia Williams,RETAIL_MORTGAGE,REG-SO,PRIME_A,749,Excellent (740+)
1035,CUST-01035,Alexander Miller,RETAIL_MORTGAGE,REG-MW,PRIME_A,801,Excellent (740+)
1036,CUST-01036,Ava Williams,RETAIL_CONSUMER,REG-NE,NEAR_PRIME,626,Fair (620-679)
1037,CUST-01037,Emma Garcia,RETAIL_CONSUMER,REG-NE,NEAR_PRIME,622,Fair (620-679)
1038,CUST-01038,Mia Smith,RETAIL_MORTGAGE,REG-MW,PRIME_A,840,Excellent (740+)
1039,CUST-01039,Alexander Miller,RETAIL_MORTGAGE,REG-SO,PRIME_A,760,Excellent (740+)
1040,CUST-01040,Apex Properties LLC,COMMERCIAL_SME,REG-SO,NEAR_PRIME,674,Fair (620-679)
1041,CUST-01041,Titan Manufacturing LLC,COMMERCIAL_CORP,REG-WE,PRIME_A,767,Excellent (740+)
1042,CUST-01042,Vanguard Properties LLC,COMMERCIAL_SME,REG-WE,NEAR_PRIME,679,Fair (620-679)
1043,CUST-01043,Horizon Properties LLC,COMMERCIAL_SME,REG-MW,PRIME_B,732,Good (680-739)
1044,CUST-01044,James Rodriguez,RETAIL_CONSUMER,REG-NE,PRIME_A,759,Excellent (740+)
1045,CUST-01045,Daniel Johnson,RETAIL_MORTGAGE,REG-WE,NEAR_PRIME,676,Fair (620-679)
1046,CUST-01046,Titan Properties LLC,COMMERCIAL_CORP,REG-NE,NEAR_PRIME,634,Fair (620-679)
1047,CUST-01047,Sterling Manufacturing LLC,COMMERCIAL_SME,REG-MW,PRIME_B,698,Good (680-739)
1048,CUST-01048,Daniel Brown,RETAIL_CONSUMER,REG-WE,PRIME_B,729,Good (680-739)
1049,CUST-01049,Titan Holdings LLC,COMMERCIAL_SME,REG-SO,PRIME_A,748,Excellent (740+)
1050,CUST-01050,Ava Brown,RETAIL_CONSUMER,REG-MW,PRIME_A,740,Excellent (740+)
1051,CUST-01051,William Martinez,RETAIL_CONSUMER,REG-WE,NEAR_PRIME,627,Fair (620-679)
1052,CUST-01052,Michael Williams,RETAIL_CONSUMER,REG-WE,PRIME_B,690,Good (680-739)
1053,CUST-01053,Sophia Davis,RETAIL_CONSUMER,REG-NE,SUBPRIME,591,Subprime (<620)
1054,CUST-01054,Emma Johnson,RETAIL_MORTGAGE,REG-WE,PRIME_B,706,Good (680-739)
1055,CUST-01055,Olivia Jones,RETAIL_CONSUMER,REG-NE,PRIME_A,740,Excellent (740+)
1056,CUST-01056,Apex Properties LLC,COMMERCIAL_CORP,REG-WE,PRIME_B,717,Good (680-739)
1057,CUST-01057,James Johnson,RETAIL_MORTGAGE,REG-WE,NEAR_PRIME,668,Fair (620-679)
1058,CUST-01058,Nexus Capital LLC,COMMERCIAL_SME,REG-WE,PRIME_B,715,Good (680-739)
1059,CUST-01059,Daniel Davis,RETAIL_CONSUMER,REG-MW,PRIME_B,696,Good (680-739)
1060,CUST-01060,Atlas Manufacturing LLC,COMMERCIAL_CORP,REG-WE,NEAR_PRIME,653,Fair (620-679)
1061,CUST-01061,Pinnacle Holdings LLC,COMMERCIAL_CORP,REG-WE,PRIME_A,766,Excellent (740+)
1062,CUST-01062,Daniel Johnson,RETAIL_CONSUMER,REG-NE,SUBPRIME,619,Subprime (<620)
1063,CUST-01063,Mia Rodriguez,RETAIL_CONSUMER,REG-NE,PRIME_B,715,Good (680-739)
1064,CUST-01064,James Jones,RETAIL_MORTGAGE,REG-MW,PRIME_A,753,Excellent (740+)
1065,CUST-01065,Emma Rodriguez,RETAIL_CONSUMER,REG-WE,NEAR_PRIME,642,Fair (620-679)
1066,CUST-01066,Summit Capital LLC,COMMERCIAL_CORP,REG-WE,PRIME_B,691,Good (680-739)
1067,CUST-01067,Beacon Holdings LLC,COMMERCIAL_SME,REG-NE,PRIME_B,684,Good (680-739)
1068,CUST-01068,Summit Logistics LLC,COMMERCIAL_SME,REG-WE,PRIME_B,710,Good (680-739)
1069,CUST-01069,Pinnacle Capital LLC,COMMERCIAL_CORP,REG-NE,PRIME_A,740,Excellent (740+)
1070,CUST-01070,James Brown,RETAIL_MORTGAGE,REG-NE,PRIME_B,709,Good (680-739)
1071,CUST-01071,Beacon Properties LLC,COMMERCIAL_SME,REG-WE,PRIME_A,766,Excellent (740+)
1072,CUST-01072,James Jones,RETAIL_CONSUMER,REG-MW,PRIME_B,714,Good (680-739)
1073,CUST-01073,Pinnacle Capital LLC,COMMERCIAL_CORP,REG-MW,NEAR_PRIME,637,Fair (620-679)
1074,CUST-01074,Vanguard Capital LLC,COMMERCIAL_CORP,REG-MW,PRIME_A,748,Excellent (740+)
1075,CUST-01075,Sterling Properties LLC,COMMERCIAL_CORP,REG-WE,PRIME_B,704,Good (680-739)
1076,CUST-01076,Atlas Enterprises LLC,COMMERCIAL_SME,REG-SO,PRIME_B,697,Good (680-739)
1077,CUST-01077,James Williams,RETAIL_MORTGAGE,REG-SO,PRIME_B,684,Good (680-739)
1078,CUST-01078,Horizon Properties LLC,COMMERCIAL_CORP,REG-MW,NEAR_PRIME,662,Fair (620-679)
1079,CUST-01079,Olivia Jones,RETAIL_CONSUMER,REG-SO,PRIME_A,783,Excellent (740+)
1080,CUST-01080,Titan Enterprises LLC,COMMERCIAL_SME,REG-MW,PRIME_B,710,Good (680-739)
1081,CUST-01081,Mia Davis,RETAIL_CONSUMER,REG-NE,PRIME_B,698,Good (680-739)
1082,CUST-01082,Alexander Rodriguez,RETAIL_CONSUMER,REG-WE,PRIME_B,690,Good (680-739)
1083,CUST-01083,Ava Johnson,RETAIL_CONSUMER,REG-NE,NEAR_PRIME,623,Fair (620-679)
1084,CUST-01084,Beacon Retail LLC,COMMERCIAL_SME,REG-NE,PRIME_A,785,Excellent (740+)
1085,CUST-01085,Pinnacle Enterprises LLC,COMMERCIAL_CORP,REG-NE,PRIME_A,749,Excellent (740+)
1086,CUST-01086,Nexus Logistics LLC,COMMERCIAL_SME,REG-WE,PRIME_A,797,Excellent (740+)
1087,CUST-01087,James Brown,RETAIL_CONSUMER,REG-MW,PRIME_A,775,Excellent (740+)
1088,CUST-01088,Daniel Brown,RETAIL_CONSUMER,REG-MW,PRIME_B,681,Good (680-739)
1089,CUST-01089,Emma Martinez,RETAIL_CONSUMER,REG-MW,PRIME_B,705,Good (680-739)
1090,CUST-01090,Vanguard Logistics LLC,COMMERCIAL_SME,REG-SO,PRIME_B,731,Good (680-739)
1091,CUST-01091,Daniel Davis,RETAIL_CONSUMER,REG-SO,PRIME_A,753,Excellent (740+)
1092,CUST-01092,Alexander Miller,RETAIL_MORTGAGE,REG-SO,PRIME_B,690,Good (680-739)
1093,CUST-01093,Daniel Smith,RETAIL_CONSUMER,REG-SO,PRIME_B,721,Good (680-739)
1094,CUST-01094,Alexander Brown,RETAIL_CONSUMER,REG-NE,NEAR_PRIME,661,Fair (620-679)
1095,CUST-01095,Alexander Johnson,RETAIL_MORTGAGE,REG-MW,PRIME_B,724,Good (680-739)
1096,CUST-01096,Ava Miller,RETAIL_CONSUMER,REG-NE,NEAR_PRIME,670,Fair (620-679)
1097,CUST-01097,William Brown,RETAIL_CONSUMER,REG-SO,PRIME_B,724,Good (680-739)
1098,CUST-01098,Beacon Retail LLC,COMMERCIAL_SME,REG-MW,PRIME_A,740,Excellent (740+)
1099,CUST-01099,James Smith,RETAIL_CONSUMER,REG-NE,SUBPRIME,599,Subprime (<620)
1100,CUST-01100,Apex Properties LLC,COMMERCIAL_CORP,REG-WE,PRIME_A,785,Excellent (740+)
1101,CUST-01101,Horizon Logistics LLC,COMMERCIAL_CORP,REG-NE,PRIME_B,707,Good (680-739)
1102,CUST-01102,Titan Capital LLC,COMMERCIAL_SME,REG-NE,PRIME_A,762,Excellent (740+)
1103,CUST-01103,Olivia Smith,RETAIL_CONSUMER,REG-NE,NEAR_PRIME,638,Fair (620-679)
1104,CUST-01104,Mia Brown,RETAIL_CONSUMER,REG-NE,PRIME_B,705,Good (680-739)
1105,CUST-01105,Alexander Davis,RETAIL_CONSUMER,REG-SO,NEAR_PRIME,679,Fair (620-679)
1106,CUST-01106,Sterling Capital LLC,COMMERCIAL_CORP,REG-SO,NEAR_PRIME,671,Fair (620-679)
1107,CUST-01107,Summit Retail LLC,COMMERCIAL_SME,REG-MW,PRIME_B,705,Good (680-739)
1108,CUST-01108,James Brown,RETAIL_CONSUMER,REG-MW,PRIME_A,741,Excellent (740+)
1109,CUST-01109,Olivia Brown,RETAIL_MORTGAGE,REG-WE,PRIME_A,774,Excellent (740+)
1110,CUST-01110,Titan Enterprises LLC,COMMERCIAL_SME,REG-WE,PRIME_B,710,Good (680-739)
1111,CUST-01111,Atlas Enterprises LLC,COMMERCIAL_SME,REG-SO,PRIME_A,745,Excellent (740+)
1112,CUST-01112,Vanguard Manufacturing LLC,COMMERCIAL_SME,REG-NE,PRIME_A,762,Excellent (740+)
1113,CUST-01113,Alexander Brown,RETAIL_CONSUMER,REG-SO,SUBPRIME,599,Subprime (<620)
1114,CUST-01114,Summit Properties LLC,COMMERCIAL_SME,REG-NE,PRIME_A,769,Excellent (740+)
1115,CUST-01115,James Smith,RETAIL_MORTGAGE,REG-SO,PRIME_B,705,Good (680-739)
1116,CUST-01116,Summit Manufacturing LLC,COMMERCIAL_SME,REG-MW,PRIME_A,754,Excellent (740+)
1117,CUST-01117,Michael Miller,RETAIL_MORTGAGE,REG-NE,SUBPRIME,619,Subprime (<620)
1118,CUST-01118,Olivia Williams,RETAIL_CONSUMER,REG-SO,SUBPRIME,586,Subprime (<620)
1119,CUST-01119,Emma Johnson,RETAIL_MORTGAGE,REG-WE,PRIME_A,773,Excellent (740+)
1120,CUST-01120,Nexus Capital LLC,COMMERCIAL_SME,REG-SO,PRIME_A,800,Excellent (740+)
1121,CUST-01121,Horizon Properties LLC,COMMERCIAL_CORP,REG-MW,PRIME_B,729,Good (680-739)
1122,CUST-01122,Sophia Johnson,RETAIL_MORTGAGE,REG-WE,NEAR_PRIME,638,Fair (620-679)
1123,CUST-01123,Daniel Miller,RETAIL_CONSUMER,REG-MW,PRIME_B,690,Good (680-739)
1124,CUST-01124,Olivia Rodriguez,RETAIL_CONSUMER,REG-SO,SUBPRIME,603,Subprime (<620)
1125,CUST-01125,Mia Miller,RETAIL_CONSUMER,REG-SO,NEAR_PRIME,621,Fair (620-679)
1126,CUST-01126,Sophia Miller,RETAIL_MORTGAGE,REG-WE,SUBPRIME,609,Subprime (<620)
1127,CUST-01127,Nexus Properties LLC,COMMERCIAL_SME,REG-MW,PRIME_B,697,Good (680-739)
1128,CUST-01128,Titan Enterprises LLC,COMMERCIAL_SME,REG-NE,PRIME_B,712,Good (680-739)
1129,CUST-01129,Olivia Jones,RETAIL_CONSUMER,REG-WE,NEAR_PRIME,662,Fair (620-679)
1130,CUST-01130,Pinnacle Holdings LLC,COMMERCIAL_SME,REG-NE,PRIME_B,739,Good (680-739)
1131,CUST-01131,Nexus Logistics LLC,COMMERCIAL_CORP,REG-NE,PRIME_B,681,Good (680-739)
1132,CUST-01132,Sophia Martinez,RETAIL_CONSUMER,REG-SO,NEAR_PRIME,674,Fair (620-679)
1133,CUST-01133,James Jones,RETAIL_MORTGAGE,REG-SO,NEAR_PRIME,678,Fair (620-679)
1134,CUST-01134,Ava Rodriguez,RETAIL_MORTGAGE,REG-NE,PRIME_A,744,Excellent (740+)
1135,CUST-01135,Sophia Brown,RETAIL_MORTGAGE,REG-MW,SUBPRIME,618,Subprime (<620)
1136,CUST-01136,Olivia Johnson,RETAIL_CONSUMER,REG-WE,PRIME_B,701,Good (680-739)
1137,CUST-01137,Sophia Davis,RETAIL_MORTGAGE,REG-WE,SUBPRIME,617,Subprime (<620)
1138,CUST-01138,Titan Enterprises LLC,COMMERCIAL_CORP,REG-NE,PRIME_B,737,Good (680-739)
1139,CUST-01139,Daniel Jones,RETAIL_CONSUMER,REG-WE,PRIME_B,684,Good (680-739)
1140,CUST-01140,Sterling Capital LLC,COMMERCIAL_SME,REG-SO,PRIME_B,728,Good (680-739)
1141,CUST-01141,Vanguard Retail LLC,COMMERCIAL_SME,REG-WE,PRIME_A,765,Excellent (740+)
1142,CUST-01142,Horizon Technologies LLC,COMMERCIAL_CORP,REG-NE,PRIME_A,756,Excellent (740+)
1143,CUST-01143,Sophia Johnson,RETAIL_CONSUMER,REG-MW,PRIME_A,740,Excellent (740+)
1144,CUST-01144,James Garcia,RETAIL_CONSUMER,REG-WE,NEAR_PRIME,658,Fair (620-679)
1145,CUST-01145,Alexander Williams,RETAIL_MORTGAGE,REG-WE,PRIME_B,721,Good (680-739)
1146,CUST-01146,Summit Manufacturing LLC,COMMERCIAL_SME,REG-MW,PRIME_B,718,Good (680-739)
1147,CUST-01147,Mia Martinez,RETAIL_CONSUMER,REG-MW,PRIME_A,764,Excellent (740+)
1148,CUST-01148,Summit Retail LLC,COMMERCIAL_SME,REG-NE,PRIME_B,697,Good (680-739)
1149,CUST-01149,Mia Davis,RETAIL_MORTGAGE,REG-SO,SUBPRIME,613,Subprime (<620)
1150,CUST-01150,Olivia Jones,RETAIL_MORTGAGE,REG-WE,PRIME_B,709,Good (680-739)
1151,CUST-01151,Sophia Williams,RETAIL_MORTGAGE,REG-WE,PRIME_A,768,Excellent (740+)
1152,CUST-01152,Atlas Logistics LLC,COMMERCIAL_SME,REG-NE,NEAR_PRIME,676,Fair (620-679)
1153,CUST-01153,Beacon Manufacturing LLC,COMMERCIAL_SME,REG-SO,PRIME_A,758,Excellent (740+)
1154,CUST-01154,Horizon Enterprises LLC,COMMERCIAL_SME,REG-NE,PRIME_B,694,Good (680-739)
1155,CUST-01155,Titan Logistics LLC,COMMERCIAL_SME,REG-NE,PRIME_A,782,Excellent (740+)
1156,CUST-01156,Alexander Smith,RETAIL_CONSUMER,REG-MW,PRIME_B,731,Good (680-739)
1157,CUST-01157,Ava Davis,RETAIL_MORTGAGE,REG-SO,NEAR_PRIME,665,Fair (620-679)
1158,CUST-01158,William Williams,RETAIL_CONSUMER,REG-WE,PRIME_B,695,Good (680-739)
1159,CUST-01159,Beacon Capital LLC,COMMERCIAL_CORP,REG-SO,PRIME_A,752,Excellent (740+)
1160,CUST-01160,Sophia Smith,RETAIL_CONSUMER,REG-MW,PRIME_A,768,Excellent (740+)
1161,CUST-01161,Daniel Johnson,RETAIL_CONSUMER,REG-NE,NEAR_PRIME,650,Fair (620-679)
1162,CUST-01162,Sophia Garcia,RETAIL_MORTGAGE,REG-MW,PRIME_B,722,Good (680-739)
1163,CUST-01163,Apex Enterprises LLC,COMMERCIAL_CORP,REG-NE,PRIME_A,749,Excellent (740+)
1164,CUST-01164,Summit Logistics LLC,COMMERCIAL_CORP,REG-MW,NEAR_PRIME,658,Fair (620-679)
1165,CUST-01165,Sterling Manufacturing LLC,COMMERCIAL_SME,REG-MW,PRIME_A,761,Excellent (740+)
1166,CUST-01166,Summit Logistics LLC,COMMERCIAL_CORP,REG-SO,PRIME_B,701,Good (680-739)
1167,CUST-01167,Vanguard Holdings LLC,COMMERCIAL_SME,REG-WE,PRIME_B,700,Good (680-739)
1168,CUST-01168,William Martinez,RETAIL_MORTGAGE,REG-WE,NEAR_PRIME,649,Fair (620-679)
1169,CUST-01169,William Johnson,RETAIL_CONSUMER,REG-MW,SUBPRIME,552,Subprime (<620)
1170,CUST-01170,Olivia Williams,RETAIL_MORTGAGE,REG-MW,SUBPRIME,590,Subprime (<620)
1171,CUST-01171,Beacon Enterprises LLC,COMMERCIAL_SME,REG-WE,PRIME_A,818,Excellent (740+)
1172,CUST-01172,Sophia Smith,RETAIL_CONSUMER,REG-NE,PRIME_B,704,Good (680-739)
1173,CUST-01173,Vanguard Holdings LLC,COMMERCIAL_SME,REG-WE,PRIME_A,760,Excellent (740+)
1174,CUST-01174,Vanguard Retail LLC,COMMERCIAL_SME,REG-NE,PRIME_B,736,Good (680-739)
1175,CUST-01175,Horizon Capital LLC,COMMERCIAL_SME,REG-NE,PRIME_B,697,Good (680-739)
1176,CUST-01176,Vanguard Logistics LLC,COMMERCIAL_SME,REG-MW,PRIME_B,690,Good (680-739)
1177,CUST-01177,Sterling Capital LLC,COMMERCIAL_SME,REG-MW,PRIME_B,691,Good (680-739)
1178,CUST-01178,James Williams,RETAIL_CONSUMER,REG-MW,PRIME_B,684,Good (680-739)
1179,CUST-01179,Vanguard Holdings LLC,COMMERCIAL_SME,REG-MW,NEAR_PRIME,674,Fair (620-679)
1180,CUST-01180,William Jones,RETAIL_CONSUMER,REG-MW,PRIME_B,720,Good (680-739)
1181,CUST-01181,Beacon Enterprises LLC,COMMERCIAL_SME,REG-WE,PRIME_B,698,Good (680-739)
1182,CUST-01182,Ava Smith,RETAIL_CONSUMER,REG-MW,PRIME_B,711,Good (680-739)
1183,CUST-01183,Sterling Technologies LLC,COMMERCIAL_CORP,REG-SO,PRIME_B,693,Good (680-739)
1184,CUST-01184,Beacon Enterprises LLC,COMMERCIAL_SME,REG-WE,PRIME_B,710,Good (680-739)
1185,CUST-01185,Apex Logistics LLC,COMMERCIAL_SME,REG-MW,PRIME_A,767,Excellent (740+)
1186,CUST-01186,Olivia Miller,RETAIL_CONSUMER,REG-WE,SUBPRIME,615,Subprime (<620)
1187,CUST-01187,James Johnson,RETAIL_CONSUMER,REG-WE,NEAR_PRIME,631,Fair (620-679)
1188,CUST-01188,Horizon Retail LLC,COMMERCIAL_SME,REG-SO,PRIME_A,758,Excellent (740+)
1189,CUST-01189,Atlas Manufacturing LLC,COMMERCIAL_CORP,REG-WE,PRIME_B,720,Good (680-739)
1190,CUST-01190,William Martinez,RETAIL_CONSUMER,REG-MW,PRIME_B,705,Good (680-739)
1191,CUST-01191,Apex Holdings LLC,COMMERCIAL_SME,REG-MW,PRIME_B,728,Good (680-739)
1192,CUST-01192,Daniel Brown,RETAIL_CONSUMER,REG-NE,SUBPRIME,604,Subprime (<620)
1193,CUST-01193,Daniel Rodriguez,RETAIL_CONSUMER,REG-SO,NEAR_PRIME,657,Fair (620-679)
1194,CUST-01194,Emma Martinez,RETAIL_MORTGAGE,REG-NE,NEAR_PRIME,640,Fair (620-679)
1195,CUST-01195,Atlas Properties LLC,COMMERCIAL_CORP,REG-MW,PRIME_A,747,Excellent (740+)
1196,CUST-01196,Daniel Miller,RETAIL_MORTGAGE,REG-WE,PRIME_B,691,Good (680-739)
1197,CUST-01197,Summit Technologies LLC,COMMERCIAL_SME,REG-SO,PRIME_B,729,Good (680-739)
1198,CUST-01198,Sophia Smith,RETAIL_MORTGAGE,REG-MW,PRIME_B,726,Good (680-739)
1199,CUST-01199,Titan Holdings LLC,COMMERCIAL_SME,REG-WE,PRIME_B,738,Good (680-739)
1200,CUST-01200,Apex Manufacturing LLC,COMMERCIAL_SME,REG-SO,PRIME_B,700,Good (680-739)
